"Time (s)","Latitude (°)","Longitude (°)","Altitude (m)","Altitude WGS84 (m)","Speed (m/s)","Direction (°)","Distance (km)","Horizontal Accuracy (m)","Vertical Accuracy (m)","Satellites"
5.952000618E-3,2.998693296E1,3.144263992E1,3.046779261E2,3.217037370E2,0.000000000E0,NaN,1.542643903E-3,4.748651530E0,4.029364438E0,-1.000000000E0
6.921073198E-1,2.998692538E1,3.144265333E1,3.054016199E2,3.224274519E2,0.000000000E0,3.332812500E2,1.597589878E-3,1.400000000E1,3.000000000E0,-1.000000000E0
2.097103119E0,2.998692571E1,3.144265291E1,3.053458338E2,3.223716649E2,0.000000000E0,3.332812500E2,1.655795418E-3,3.535533906E0,3.000000000E0,-1.000000000E0
3.097099662E0,2.998692621E1,3.144265308E1,3.053731165E2,3.223989467E2,0.000000000E0,3.332812500E2,1.748997928E-3,3.535533906E0,3.000000000E0,-1.000000000E0
4.097095847E0,2.998692705E1,3.144265308E1,3.054390955E2,3.224649242E2,0.000000000E0,3.332812500E2,2.143215734E-3,3.535533906E0,3.000000000E0,-1.000000000E0
5.097092867E0,2.998693049E1,3.144265207E1,3.055169153E2,3.225427371E2,0.000000000E0,3.332812500E2,2.268356702E-3,3.535533906E0,3.000000000E0,-1.000000000E0
6.097089410E0,2.998692978E1,3.144265107E1,3.056212244E2,3.226470470E2,0.000000000E0,3.332812500E2,1.145234968E-1,3.535533906E0,3.000000000E0,-1.000000000E0
7.097094178E0,2.998724293E1,3.144154301E1,3.064387632E2,3.234634340E2,NaN,NaN,1.145234968E-1,2.893948459E1,1.677048889E1,-1.000000000E0
8.097088695E0,2.998724293E1,3.144154301E1,3.064387632E2,3.234634340E2,NaN,NaN,1.145234968E-1,2.893959823E1,1.677049340E1,-1.000000000E0
9.097086191E0,2.998724293E1,3.144154301E1,3.064387632E2,3.234634340E2,NaN,NaN,1.145234968E-1,2.893975912E1,1.677049948E1,-1.000000000E0
1.009708464E1,2.998724293E1,3.144154301E1,3.064387632E2,3.234634340E2,NaN,NaN,1.145234968E-1,2.894551923E1,1.677051180E1,-1.000000000E0
1.109708309E1,2.998724293E1,3.144154301E1,3.064387632E2,3.234634340E2,NaN,NaN,1.145338725E-1,2.904547939E1,1.677073457E1,-1.000000000E0
1.209708178E1,2.998724303E1,3.144154301E1,3.064387632E2,3.234634338E2,NaN,NaN,1.145338725E-1,2.544674206E1,1.678305237E1,-1.000000000E0
1.309707999E1,2.998724303E1,3.144154301E1,3.064387632E2,3.234634338E2,NaN,NaN,1.145338725E-1,3.194586433E1,1.678307777E1,-1.000000000E0
1.409707761E1,2.998724303E1,3.144154301E1,3.064387632E2,3.234634338E2,NaN,NaN,1.145338725E-1,3.746877463E1,1.678313900E1,-1.000000000E0
1.509707177E1,2.998724303E1,3.144154301E1,3.064387632E2,3.234634338E2,NaN,NaN,1.145338725E-1,4.483294276E1,1.678329385E1,-1.000000000E0
1.609706509E1,2.998724303E1,3.144154301E1,3.064387632E2,3.234634338E2,NaN,NaN,1.485595940E-1,5.001084817E1,1.678351644E1,-1.000000000E0
1.709706080E1,2.998694613E1,3.144145747E1,3.064387632E2,3.234639447E2,NaN,NaN,2.646574378E-1,6.062610861E1,1.678373904E1,-1.000000000E0
1.909706056E1,2.998692206E1,3.144266261E1,3.056820154E2,3.227078583E2,0.000000000E0,NaN,2.647002401E-1,4.748311692E0,4.029364438E0,-1.000000000E0
2.009705758E1,2.998692198E1,3.144266304E1,3.056799402E2,3.227057835E2,0.000000000E0,NaN,2.647015347E-1,4.671372344E0,4.029364438E0,-1.000000000E0
2.109705651E1,2.998692198E1,3.144266305E1,3.056799402E2,3.227057835E2,0.000000000E0,NaN,2.647148459E-1,4.642638464E0,4.029364438E0,-1.000000000E0
2.209705412E1,2.998692186E1,3.144266305E1,3.057022181E2,3.227280615E2,0.000000000E0,NaN,2.647148460E-1,8.025627965E0,4.029364438E0,-1.000000000E0
2.309705234E1,2.998692186E1,3.144266305E1,3.057022181E2,3.227280615E2,0.000000000E0,NaN,2.647148461E-1,8.025583609E0,4.029364438E0,-1.000000000E0
2.409705031E1,2.998692186E1,3.144266305E1,3.057022181E2,3.227280615E2,0.000000000E0,NaN,2.647148462E-1,8.025539200E0,4.029364438E0,-1.000000000E0
2.509704876E1,2.998692186E1,3.144266305E1,3.057022181E2,3.227280615E2,0.000000000E0,NaN,2.647148463E-1,8.025494891E0,4.029364438E0,-1.000000000E0
2.609704685E1,2.998692186E1,3.144266305E1,3.057022181E2,3.227280615E2,0.000000000E0,NaN,2.647148464E-1,8.025450517E0,4.029364438E0,-1.000000000E0
2.709704554E1,2.998692186E1,3.144266305E1,3.057022181E2,3.227280615E2,0.000000000E0,NaN,2.647148465E-1,8.025406563E0,4.029364438E0,-1.000000000E0
2.809704459E1,2.998692186E1,3.144266305E1,3.057022181E2,3.227280615E2,0.000000000E0,NaN,2.650737418E-1,8.025362064E0,4.029364438E0,-1.000000000E0
2.909704316E1,2.998691923E1,3.144266090E1,3.059030848E2,3.229289321E2,0.000000000E0,NaN,2.650885126E-1,8.025317752E0,4.029364438E0,-1.000000000E0
3.009704149E1,2.998691921E1,3.144266105E1,3.059075403E2,3.229333877E2,0.000000000E0,NaN,2.650885151E-1,7.578856966E0,4.029364438E0,-1.000000000E0
3.109704089E1,2.998691921E1,3.144266105E1,3.059075403E2,3.229333877E2,0.000000000E0,NaN,2.650885177E-1,7.579209750E0,4.029364438E0,-1.000000000E0
3.209703922E1,2.998691921E1,3.144266105E1,3.059075403E2,3.229333877E2,0.000000000E0,NaN,2.650885203E-1,7.579173892E0,4.029364438E0,-1.000000000E0
3.309703827E1,2.998691921E1,3.144266105E1,3.059075403E2,3.229333877E2,0.000000000E0,NaN,2.662313368E-1,7.579179410E0,4.029364438E0,-1.000000000E0
3.409703755E1,2.998691130E1,3.144266863E1,3.053567569E2,3.223826230E2,1.549045875E-2,NaN,2.676247681E-1,6.218259559E0,6.716211620E0,-1.000000000E0
3.609703577E1,2.998690179E1,3.144267804E1,3.051571602E2,3.221830489E2,3.269980157E-2,NaN,2.684617088E-1,4.285687577E0,4.954716917E0,-1.000000000E0
3.709703434E1,2.998689725E1,3.144268498E1,3.052045752E2,3.222304758E2,1.609347331E-2,NaN,2.690938400E-1,9.234393145E0,5.304614206E0,-1.000000000E0
3.809703445E1,2.998689159E1,3.144268567E1,3.051813181E2,3.222072297E2,2.688597118E-2,NaN,2.693490736E-1,9.115171870E0,5.106026812E0,-1.000000000E0
3.909703338E1,2.998689362E1,3.144268693E1,3.050343948E2,3.220603033E2,0.000000000E0,NaN,2.695059691E-1,8.372604097E0,4.875907317E0,-1.000000000E0
4.009703267E1,2.998689459E1,3.144268811E1,3.049995538E2,3.220254610E2,3.936353050E-2,NaN,2.697464847E-1,8.972700603E0,5.033739755E0,-1.000000000E0
4.109703243E1,2.998689568E1,3.144268595E1,3.049399403E2,3.219658445E2,3.468126959E-2,NaN,2.699801763E-1,8.583896053E0,5.009770856E0,-1.000000000E0
4.209703171E1,2.998689746E1,3.144268466E1,3.049594056E2,3.219853058E2,3.389748637E-2,NaN,2.700837861E-1,9.709335572E0,5.371278561E0,-1.000000000E0
4.309703088E1,2.998689715E1,3.144268568E1,3.048945438E2,3.219204450E2,3.417118342E-2,NaN,2.700901374E-1,9.302392770E0,5.332611183E0,-1.000000000E0
4.409702992E1,2.998689713E1,3.144268574E1,3.048945438E2,3.219204450E2,0.000000000E0,NaN,2.700919613E-1,9.455267510E0,5.782738233E0,-1.000000000E0
4.509702897E1,2.998689713E1,3.144268576E1,3.048945438E2,3.219204451E2,0.000000000E0,NaN,2.700923314E-1,1.010130449E1,6.148539848E0,-1.000000000E0
4.609702826E1,2.998689712E1,3.144268576E1,3.048945438E2,3.219204451E2,0.000000000E0,NaN,2.700923782E-1,9.328576157E0,6.635071532E0,-1.000000000E0
4.709702802E1,2.998689712E1,3.144268576E1,3.048945438E2,3.219204451E2,0.000000000E0,NaN,2.700923782E-1,7.092816839E0,7.043644861E0,-1.000000000E0
4.809702742E1,2.998689712E1,3.144268576E1,3.048945438E2,3.219204451E2,0.000000000E0,NaN,2.700923782E-1,7.092822793E0,7.021878958E0,-1.000000000E0
4.909702730E1,2.998689712E1,3.144268576E1,3.048945438E2,3.219204451E2,0.000000000E0,NaN,2.700923782E-1,7.092828944E0,7.226904028E0,-1.000000000E0
5.009702659E1,2.998689712E1,3.144268576E1,3.048945438E2,3.219204451E2,0.000000000E0,NaN,2.700923784E-1,7.092835077E0,7.354405737E0,-1.000000000E0
5.109702635E1,2.998689712E1,3.144268576E1,3.048945438E2,3.219204451E2,0.000000000E0,NaN,2.700923784E-1,7.084516225E0,7.430805489E0,-1.000000000E0
5.209702516E1,2.998689712E1,3.144268576E1,3.048945438E2,3.219204451E2,0.000000000E0,NaN,2.700923784E-1,7.084522098E0,7.633972186E0,-1.000000000E0
5.309702456E1,2.998689712E1,3.144268576E1,3.048945438E2,3.219204451E2,0.000000000E0,NaN,2.700923790E-1,7.084528235E0,7.732939072E0,-1.000000000E0
5.409702504E1,2.998689712E1,3.144268576E1,3.048945438E2,3.219204451E2,0.000000000E0,NaN,2.700923790E-1,7.049822019E0,7.746333365E0,-1.000000000E0
5.509702444E1,2.998689712E1,3.144268576E1,3.048945438E2,3.219204451E2,0.000000000E0,NaN,2.700923790E-1,7.049828196E0,7.746713748E0,-1.000000000E0
5.609702301E1,2.998689712E1,3.144268576E1,3.048945438E2,3.219204451E2,0.000000000E0,NaN,2.700923797E-1,7.049834439E0,7.967379741E0,-1.000000000E0
5.709702325E1,2.998689712E1,3.144268576E1,3.048945438E2,3.219204451E2,0.000000000E0,NaN,2.700923798E-1,7.011009603E0,7.978172164E0,-1.000000000E0
5.809702361E1,2.998689712E1,3.144268576E1,3.048945438E2,3.219204451E2,0.000000000E0,NaN,2.700923798E-1,7.004839393E0,8.008352738E0,-1.000000000E0
5.909702301E1,2.998689712E1,3.144268576E1,3.048945438E2,3.219204451E2,0.000000000E0,NaN,2.700923982E-1,7.004845553E0,7.988958556E0,-1.000000000E0
6.009702241E1,2.998689712E1,3.144268576E1,3.048945438E2,3.219204451E2,0.000000000E0,NaN,2.700923986E-1,5.884649658E0,8.244195311E0,-1.000000000E0
6.109702182E1,2.998689712E1,3.144268576E1,3.048945438E2,3.219204451E2,0.000000000E0,NaN,2.707908365E-1,5.857482976E0,8.194019842E0,-1.000000000E0
6.209702182E1,2.998689640E1,3.144267856E1,3.058304550E2,3.228563540E2,3.131526269E-2,NaN,2.708026486E-1,5.831042330E0,8.138108876E0,-1.000000000E0
6.309702134E1,2.998689641E1,3.144267868E1,3.056885818E2,3.227144808E2,4.595543935E-2,NaN,2.708056647E-1,5.811593732E0,7.327113599E0,-1.000000000E0
6.409702051E1,2.998689642E1,3.144267871E1,3.056727171E2,3.226986161E2,0.000000000E0,NaN,2.708056656E-1,5.811602029E0,7.194152894E0,-1.000000000E0
6.609701979E1,2.998689642E1,3.144267871E1,3.056727171E2,3.226986161E2,0.000000000E0,NaN,2.711530442E-1,5.811618339E0,7.470567699E0,-1.000000000E0
6.709702015E1,2.998689607E1,3.144267513E1,3.056727171E2,3.226986149E2,0.000000000E0,NaN,2.711688908E-1,5.099484852E0,7.867082012E0,-1.000000000E0
6.809701979E1,2.998689605E1,3.144267496E1,3.056727171E2,3.226986149E2,0.000000000E0,NaN,2.715309522E-1,5.064647015E0,7.610688424E0,-1.000000000E0
6.909701955E1,2.998689678E1,3.144267862E1,3.049951206E2,3.220210189E2,0.000000000E0,NaN,2.715494196E-1,5.036714384E0,7.290028561E0,-1.000000000E0
7.009701884E1,2.998689687E1,3.144267846E1,3.050115082E2,3.220374062E2,8.726216257E-2,NaN,2.726567936E-1,4.679503967E0,6.585946117E0,-1.000000000E0
7.109701896E1,2.998690561E1,3.144267296E1,3.050659395E2,3.220918184E2,4.706370583E-1,3.330201689E2,2.737708119E-1,9.723570099E0,6.836927496E0,-1.000000000E0
7.209701860E1,2.998691474E1,3.144266819E1,3.051136317E2,3.221394911E2,1.205356345E0,3.306042132E2,2.755993943E-1,7.056790156E0,6.634594477E0,-1.000000000E0
7.309701765E1,2.998692882E1,3.144265837E1,3.052661497E2,3.222919778E2,1.973386914E0,3.287498229E2,2.781078346E-1,7.146996230E0,6.180449558E0,-1.000000000E0
7.409701824E1,2.998694771E1,3.144264415E1,3.053569051E2,3.223826906E2,2.504994838E0,3.277540582E2,2.815488365E-1,7.279373561E0,5.973780522E0,-1.000000000E0
7.509701812E1,2.998697383E1,3.144262498E1,3.055221474E2,3.225478743E2,2.847110420E0,3.272002670E2,2.845768709E-1,6.031205822E0,6.055750637E0,-1.000000000E0
7.609701777E1,2.998699543E1,3.144260584E1,3.055436309E2,3.225693077E2,3.015378180E0,3.256466961E2,3.905775594E-1,6.196834752E0,5.955665775E0,-1.000000000E0
7.709701729E1,2.998724307E1,3.144154301E1,3.064387632E2,3.234634337E2,NaN,NaN,3.905775594E-1,2.265493297E1,1.682178012E1,-1.000000000E0
7.809701669E1,2.998724307E1,3.144154301E1,3.064387632E2,3.234634337E2,NaN,NaN,3.905775594E-1,3.302108002E1,1.682200221E1,-1.000000000E0
7.909701693E1,2.998724307E1,3.144154301E1,3.064387632E2,3.234634337E2,NaN,NaN,4.832779578E-1,4.963742389E1,1.682222429E1,-1.000000000E0
8.109701586E1,2.998711867E1,3.144249475E1,3.051896916E2,3.222150814E2,3.331617193E0,3.286025149E2,4.859255027E-1,6.283091417E0,5.617453819E0,-1.000000000E0
8.209701633E1,2.998714196E1,3.144248905E1,3.053021130E2,3.223274564E2,3.272397651E0,3.303237579E2,4.896474704E-1,6.395996034E0,5.340677175E0,-1.000000000E0
8.309701562E1,2.998717002E1,3.144246797E1,3.053703822E2,3.223956624E2,3.276275385E0,3.298640714E2,4.934566649E-1,6.392908775E0,5.046384124E0,-1.000000000E0
8.409701502E1,2.998719802E1,3.144244518E1,3.055551670E2,3.225803832E2,3.294463016E0,3.291471708E2,4.971629032E-1,5.609217181E0,5.866187755E0,-1.000000000E0
8.509701490E1,2.998722539E1,3.144242323E1,3.056558465E2,3.226810004E2,3.324933549E0,3.291659719E2,5.005264155E-1,5.156518762E0,6.049078499E0,-1.000000000E0
8.609701490E1,2.998725142E1,3.144240544E1,3.056092025E2,3.226342986E2,3.398659451E0,3.293466322E2,5.042251402E-1,5.435717537E0,6.074513451E0,-1.000000000E0
8.709701514E1,2.998727923E1,3.144238436E1,3.056074651E2,3.226324985E2,3.406776154E0,3.296198365E2,5.077318810E-1,5.063459559E0,6.074327657E0,-1.000000000E0
8.809701490E1,2.998730625E1,3.144236560E1,3.056613350E2,3.226863083E2,3.456909634E0,3.287340818E2,5.872663159E-1,5.355108489E0,6.061279612E0,-1.000000000E0
8.909701455E1,2.998724307E1,3.144154301E1,3.084887632E2,3.255134337E2,NaN,NaN,5.872663159E-1,2.769922074E1,1.682323396E1,-1.000000000E0
9.009701395E1,2.998724307E1,3.144154301E1,3.084887632E2,3.255134337E2,NaN,NaN,6.617000523E-1,3.877574034E1,1.682330906E1,-1.000000000E0
9.109701371E1,2.998738551E1,3.144229816E1,3.059988136E2,3.230236043E2,3.459574561E0,3.316668857E2,6.650930645E-1,5.504537498E0,6.455262673E0,-1.000000000E0
9.209701395E1,2.998741551E1,3.144229174E1,3.062165252E2,3.232412566E2,3.517509890E0,3.327668344E2,6.686617265E-1,5.701496384E0,5.981292598E0,-1.000000000E0
9.309701264E1,2.998744410E1,3.144227490E1,3.064206231E2,3.234452925E2,3.451560760E0,3.344382582E2,6.723457292E-1,5.800592113E0,5.490825067E0,-1.000000000E0
9.409701347E1,2.998747314E1,3.144225649E1,3.066293492E2,3.236539549E2,3.477414912E0,3.313913361E2,6.758750132E-1,5.207853653E0,5.663844479E0,-1.000000000E0
9.509701288E1,2.998750090E1,3.144223873E1,3.069311961E2,3.239557409E2,3.480356038E0,3.318021727E2,7.487563000E-1,5.443551914E0,5.513435881E0,-1.000000000E0
9.609701228E1,2.998724307E1,3.144154301E1,3.084887632E2,3.255134337E2,NaN,NaN,7.487563000E-1,2.181778873E1,1.682247266E1,-1.000000000E0
9.709701264E1,2.998724307E1,3.144154301E1,3.084887632E2,3.255134337E2,NaN,NaN,8.201210137E-1,3.497743365E1,1.682269475E1,-1.000000000E0
9.809701240E1,2.998758033E1,3.144217344E1,3.074896417E2,3.245140047E2,3.276511476E0,3.353173730E2,8.234632073E-1,5.803961625E0,4.306581606E0,-1.000000000E0
9.909701347E1,2.998760751E1,3.144215862E1,3.076787740E2,3.247030786E2,2.431209044E0,3.293564551E2,8.251081545E-1,5.074311456E0,4.405867334E0,-1.000000000E0
1.000970167E2,2.998761959E1,3.144214876E1,3.078783080E2,3.249025850E2,1.226272687E0,3.306925594E2,8.260445512E-1,5.343694671E0,4.437365852E0,-1.000000000E0
1.010970188E2,2.998762800E1,3.144214824E1,3.079613866E2,3.249856477E2,9.564681439E-1,3.456022263E2,8.262920677E-1,5.606595941E0,4.379074952E0,-1.000000000E0
1.020970224E2,2.998762886E1,3.144215061E1,3.080013934E2,3.250256540E2,4.312369113E-1,NaN,8.270589853E-1,5.013951961E0,4.454795518E0,-1.000000000E0
1.030970247E2,2.998762198E1,3.144215010E1,3.081162737E2,3.251405469E2,9.004848623E-1,3.305927338E2,8.274249293E-1,9.341681169E0,4.783032640E0,-1.000000000E0
1.040970271E2,2.998762426E1,3.144214735E1,3.081678137E2,3.251920812E2,6.677526632E-1,3.261651176E2,8.279214091E-1,9.404533365E0,4.783485545E0,-1.000000000E0
1.050970303E2,2.998762721E1,3.144214348E1,3.082959350E2,3.253201950E2,9.840569255E-1,3.356640820E2,8.297341949E-1,7.125174777E0,4.885810895E0,-1.000000000E0
1.060970323E2,2.998764119E1,3.144213382E1,3.082789166E2,3.253031456E2,1.982675687E0,3.309418782E2,8.322202662E-1,7.329629627E0,4.936838790E0,-1.000000000E0
1.070970337E2,2.998766067E1,3.144212114E1,3.083462363E2,3.253704224E2,2.763297934E0,3.320574819E2,9.047218706E-1,7.511164392E0,5.164848376E0,-1.000000000E0
1.080970355E2,2.998724307E1,3.144154301E1,3.107687632E2,3.277934337E2,NaN,NaN,9.047218706E-1,2.487854652E1,1.683915370E1,-1.000000000E0
1.090970372E2,2.998724307E1,3.144154301E1,3.107687632E2,3.277934337E2,NaN,NaN,9.806123546E-1,3.517993323E1,1.683937556E1,-1.000000000E0
1.110970407E2,2.998776923E1,3.144204488E1,3.089648491E2,3.259887933E2,3.420110748E0,3.304233239E2,9.842874827E-1,5.453698285E0,5.550430504E0,-1.000000000E0
1.120970418E2,2.998779894E1,3.144202816E1,3.090139718E2,3.260378520E2,3.380697961E0,3.316829644E2,9.877115967E-1,5.072694089E0,5.620750727E0,-1.000000000E0
1.130970430E2,2.998782603E1,3.144201124E1,3.091720556E2,3.261958766E2,3.422219676E0,3.309435194E2,9.912818024E-1,5.381751802E0,5.649877043E0,-1.000000000E0
1.140970451E2,2.998785335E1,3.144199177E1,3.093272211E2,3.263509811E2,3.475875871E0,3.289847037E2,9.950479308E-1,5.648955088E0,5.788695149E0,-1.000000000E0
1.150970453E2,2.998788273E1,3.144197232E1,3.095000589E2,3.265237540E2,3.406760468E0,3.298490486E2,9.985501630E-1,5.217672128E0,5.923438125E0,-1.000000000E0
1.160970471E2,2.998791024E1,3.144195462E1,3.097053053E2,3.267289400E2,3.382085547E0,3.306422483E2,1.001981968E0,5.501159134E0,6.006263699E0,-1.000000000E0
1.170970480E2,2.998793696E1,3.144193678E1,3.100553086E2,3.270788842E2,3.396241773E0,3.303203936E2,1.005843904E0,5.753078295E0,6.017024633E0,-1.000000000E0
1.180970486E2,2.998796718E1,3.144191702E1,3.102182249E2,3.272417340E2,3.446770034E0,3.297364573E2,1.009232592E0,5.297977325E0,6.185808481E0,-1.000000000E0
1.190970491E2,2.998799363E1,3.144189954E1,3.104639966E2,3.274874472E2,3.417366367E0,3.302326295E2,1.099478948E0,5.578627873E0,5.816214121E0,-1.000000000E0
1.200970497E2,2.998724307E1,3.144154301E1,3.107687632E2,3.277934337E2,NaN,NaN,1.195202487E0,2.779455064E1,1.684055336E1,-1.000000000E0
1.210970508E2,2.998805864E1,3.144186115E1,3.108453577E2,3.278686673E2,3.440903352E0,3.303537573E2,1.199213820E0,1.106470425E1,5.376787722E0,-1.000000000E0
1.220970510E2,2.998808932E1,3.144183924E1,3.110070611E2,3.280303021E2,3.461794100E0,3.299274841E2,1.203040653E0,1.078400397E1,5.139593221E0,-1.000000000E0
1.230970520E2,2.998811854E1,3.144181825E1,3.111465252E2,3.281697009E2,3.442687949E0,3.313910500E2,1.206421140E0,1.064283613E1,5.024237280E0,-1.000000000E0
1.240970522E2,2.998814686E1,3.144180548E1,3.113228842E2,3.283460005E2,3.415224124E0,3.323212844E2,1.209968071E0,1.048483662E1,4.918223286E0,-1.000000000E0
1.250970534E2,2.998817634E1,3.144179141E1,3.115477454E2,3.285707995E2,3.420118438E0,3.330263015E2,1.213385392E0,1.029648896E1,4.867221712E0,-1.000000000E0
1.260970538E2,2.998820466E1,3.144177764E1,3.118628704E2,3.288858644E2,3.420821129E0,3.333084030E2,1.216981291E0,1.031796419E1,4.846805556E0,-1.000000000E0
1.270970541E2,2.998823426E1,3.144176260E1,3.120556144E2,3.290785455E2,3.435684145E0,3.342516351E2,1.220268143E0,1.034936511E1,4.616278359E0,-1.000000000E0
1.280970545E2,2.998826180E1,3.144175022E1,3.122728721E2,3.292957453E2,3.425157986E0,3.352768177E2,1.224133268E0,1.012217755E1,4.459960834E0,-1.000000000E0
1.290970547E2,2.998829334E1,3.144173334E1,3.122722172E2,3.292950229E2,3.431898461E0,3.372646334E2,1.227719917E0,1.001939834E1,4.334286821E0,-1.000000000E0
1.300970547E2,2.998832434E1,3.144172306E1,3.125281045E2,3.295508470E2,3.484631822E0,3.421186499E2,1.231299220E0,9.901932676E0,4.142666060E0,-1.000000000E0
1.310970551E2,2.998835614E1,3.144171726E1,3.129378246E2,3.299605047E2,3.482492408E0,3.467745412E2,1.235470102E0,9.865864046E0,4.021955942E0,-1.000000000E0
1.320970557E2,2.998839355E1,3.144171418E1,3.127497538E2,3.297723624E2,3.526044445E0,3.520262929E2,1.239241780E0,9.945517411E0,4.039159095E0,-1.000000000E0
1.330970860E2,2.998842647E1,3.144172361E1,3.128756369E2,3.298981889E2,3.551861002E0,3.575993044E2,1.242451872E0,1.020962767E1,4.164825321E0,-1.000000000E0
1.340970819E2,2.998845534E1,3.144172379E1,3.129511566E2,3.299736548E2,3.436469532E0,4.187565770E0,1.246407141E0,1.024344104E1,4.283152988E0,-1.000000000E0
1.350970770E2,2.998849010E1,3.144173250E1,3.129118345E2,3.299342722E2,3.495054720E0,9.087426519E0,1.250237940E0,1.016593054E1,4.391553262E0,-1.000000000E0
1.360970736E2,2.998852043E1,3.144175136E1,3.128778602E2,3.299002508E2,3.519736878E0,1.471575376E1,1.253679539E0,1.017907611E1,4.441453550E0,-1.000000000E0
1.370970647E2,2.998854815E1,3.144176727E1,3.130196318E2,3.300419788E2,3.552432241E0,1.960224219E1,1.257890896E0,1.035634306E1,4.516130678E0,-1.000000000E0
1.380970596E2,2.998858379E1,3.144178208E1,3.132760795E2,3.302983675E2,3.559562719E0,2.083633173E1,1.262193344E0,1.044182062E1,4.559265328E0,-1.000000000E0
1.390970583E2,2.998862119E1,3.144179351E1,3.134301559E2,3.304523799E2,3.539420169E0,1.735354231E1,1.265391590E0,1.040271871E1,4.670648744E0,-1.000000000E0
1.400970567E2,2.998864994E1,3.144179453E1,3.134423106E2,3.304644814E2,3.567590352E0,8.934813090E0,1.268890276E0,1.025004905E1,4.709071158E0,-1.000000000E0
1.410970553E2,2.998867749E1,3.144177698E1,3.139588110E2,3.309809213E2,3.722184885E0,3.497952377E2,1.272246899E0,1.044292575E1,7.326122731E0,-1.000000000E0
1.420970516E2,2.998870277E1,3.144175794E1,3.139584433E2,3.309804966E2,3.533829783E0,3.332771138E2,1.275731861E0,1.040836858E1,7.302857790E0,-1.000000000E0
1.430970527E2,2.998871610E1,3.144172519E1,3.142034326E2,3.312254443E2,3.517001159E0,3.092535884E2,1.279526353E0,1.027082888E1,7.095919907E0,-1.000000000E0
1.440970533E2,2.998871907E1,3.144168594E1,3.137620014E2,3.307839874E2,3.838723196E0,2.869391364E2,1.283713068E0,1.039073915E1,7.340833630E0,-1.000000000E0
1.450970525E2,2.998870504E1,3.144164560E1,3.135387330E2,3.305607246E2,4.109617377E0,2.618300474E2,1.287236955E0,1.016442949E1,7.098656693E0,-1.000000000E0
1.460970529E2,2.998867964E1,3.144162372E1,3.141406946E2,3.311627224E2,3.666147584E0,2.361585834E2,1.290796515E0,9.935045349E0,6.982898014E0,-1.000000000E0
1.470970522E2,2.998866513E1,3.144159077E1,3.136320783E2,3.306541164E2,3.356131085E0,2.347743276E2,1.295031639E0,1.001436317E1,6.971385488E0,-1.000000000E0
1.480970484E2,2.998865094E1,3.144154997E1,3.139600798E2,3.309821235E2,3.715040714E0,2.415450269E2,1.299286692E0,1.012517644E1,7.022467446E0,-1.000000000E0
1.490970442E2,2.998863939E1,3.144150785E1,3.139325993E2,3.309546430E2,4.064559450E0,2.482068725E2,1.303039452E0,1.041006765E1,7.280049371E0,-1.000000000E0
1.500970416E2,2.998862696E1,3.144147162E1,3.138384913E2,3.308605396E2,4.074709200E0,2.526151255E2,1.306539747E0,1.031250779E1,7.175764985E0,-1.000000000E0
1.510970381E2,2.998861725E1,3.144143705E1,3.137455980E2,3.307676468E2,3.917122161E0,2.551012824E2,1.310073985E0,1.021325095E1,7.065725462E0,-1.000000000E0
1.520970361E2,2.998860507E1,3.144140315E1,3.140482045E2,3.310702587E2,3.820706866E0,2.550254675E2,1.313633280E0,1.011179651E1,6.987379285E0,-1.000000000E0
1.530970331E2,2.998859122E1,3.144136983E1,3.142671341E2,3.312891971E2,3.707271667E0,2.527168777E2,1.317576930E0,9.944428213E0,6.754843514E0,-1.000000000E0
1.540970303E2,2.998858030E1,3.144133088E1,3.141014143E2,3.311234778E2,3.675028110E0,2.517306266E2,1.321320258E0,1.005875245E1,6.904026223E0,-1.000000000E0
1.550970284E2,2.998856638E1,3.144129548E1,3.143777880E2,3.313998593E2,3.670074295E0,2.496402313E2,1.324827833E0,9.874364419E0,6.870697006E0,-1.000000000E0
1.560970262E2,2.998855391E1,3.144126203E1,3.146228040E2,3.316448816E2,3.636394970E0,2.479813670E2,1.328501429E0,9.903745019E0,6.879179111E0,-1.000000000E0
1.570970238E2,2.998854073E1,3.144122705E1,3.146933533E2,3.317154376E2,3.685239306E0,2.468389222E2,1.332272660E0,9.842839854E0,6.806952509E0,-1.000000000E0
1.580970222E2,2.998852668E1,3.144119141E1,3.145799210E2,3.316020133E2,3.739325832E0,2.458860308E2,1.335991227E0,9.602723329E0,6.671633305E0,-1.000000000E0
1.590970199E2,2.998850794E1,3.144115944E1,3.147368905E2,3.317590015E2,3.719365393E0,2.425051042E2,1.339605329E0,9.620596210E0,6.683577609E0,-1.000000000E0
1.600970186E2,2.998849376E1,3.144112567E1,3.149821705E2,3.320042907E2,3.642091630E0,2.429470824E2,1.343373276E0,9.487015671E0,6.577155142E0,-1.000000000E0
1.610970174E2,2.998848280E1,3.144108865E1,3.149093955E2,3.319315172E2,3.674242921E0,2.461929376E2,1.347263533E0,9.806069162E0,6.739789736E0,-1.000000000E0
1.620970147E2,2.998847329E1,3.144104978E1,3.148556195E2,3.318777391E2,3.754971655E0,2.502410863E2,1.351224847E0,9.942928370E0,6.774668482E0,-1.000000000E0
1.630970140E2,2.998846455E1,3.144100990E1,3.147705314E2,3.317926468E2,3.817189944E0,2.538594667E2,1.355125890E0,9.737942318E0,6.599861867E0,-1.000000000E0
1.640970120E2,2.998846106E1,3.144096960E1,3.146951602E2,3.317172615E2,3.819677011E0,2.579783747E2,1.358899135E0,1.008123617E1,6.989644388E0,-1.000000000E0
1.650970103E2,2.998845526E1,3.144093100E1,3.148663856E2,3.318884780E2,3.777632424E0,2.584716315E2,1.362672947E0,9.914945598E0,6.913278427E0,-1.000000000E0
1.660970092E2,2.998844692E1,3.144089301E1,3.148495643E2,3.318716528E2,3.816344569E0,2.580377737E2,1.366267604E0,9.534251895E0,6.690465045E0,-1.000000000E0
1.670970080E2,2.998843826E1,3.144085705E1,3.148194121E2,3.318414984E2,3.728566083E0,2.567579864E2,1.370129173E0,9.157539297E0,6.464929601E0,-1.000000000E0
1.680970066E2,2.998842799E1,3.144081875E1,3.145562690E2,3.315783549E2,3.721578379E0,2.546031140E2,1.373814818E0,8.799662331E0,6.242113330E0,-1.000000000E0
1.690970063E2,2.998841656E1,3.144078283E1,3.151049805E2,3.321270693E2,3.587328866E0,2.523470191E2,1.377447750E0,8.459679172E0,5.980052700E0,-1.000000000E0
1.700970048E2,2.998840684E1,3.144074682E1,3.152543464E2,3.322764350E2,3.593562676E0,2.521535764E2,1.381137274E0,8.144971773E0,5.743327767E0,-1.000000000E0
1.710970035E2,2.998839787E1,3.144070993E1,3.150730300E2,3.320951164E2,3.689817680E0,2.529669555E2,1.384916753E0,7.837723273E0,5.462579492E0,-1.000000000E0
1.720970032E2,2.998838712E1,3.144067270E1,3.151288872E2,3.321509747E2,3.762148024E0,2.531423766E2,1.388757526E0,7.563186864E0,5.321625766E0,-1.000000000E0
1.730970023E2,2.998837615E1,3.144063489E1,3.150977091E2,3.321197978E2,3.802687250E0,2.533353414E2,1.392381698E0,7.329062878E0,5.075548717E0,-1.000000000E0
1.740970013E2,2.998836646E1,3.144059896E1,3.153426802E2,3.323647685E2,3.710455828E0,2.536738417E2,1.396343341E0,7.062609723E0,4.812128421E0,-1.000000000E0
1.750970000E2,2.998835957E1,3.144055860E1,3.150643426E2,3.320864231E2,3.776180286E0,2.551794201E2,1.399774389E0,6.833424487E0,4.627368057E0,-1.000000000E0
1.760969990E2,2.998834961E1,3.144052488E1,3.157696867E2,3.327917686E2,3.603743587E0,2.543627819E2,1.403520788E0,6.609823926E0,4.426585924E0,-1.000000000E0
1.770969982E2,2.998834329E1,3.144048667E1,3.154062619E2,3.324283360E2,3.676339717E0,2.560129906E2,1.407253021E0,6.415295742E0,4.231021245E0,-1.000000000E0
1.780969977E2,2.998833649E1,3.144044873E1,3.153134047E2,3.323354721E2,3.705011517E0,2.565514335E2,1.411209169E0,6.306948319E0,4.139284580E0,-1.000000000E0
1.790969967E2,2.998832681E1,3.144040920E1,3.154927547E2,3.325148199E2,3.772577981E0,2.558850330E2,1.415003503E0,6.106245832E0,3.990393891E0,-1.000000000E0
1.800969964E2,2.998831811E1,3.144037110E1,3.154505971E2,3.324726592E2,3.757216469E0,2.563533771E2,1.418806334E0,5.947032706E0,3.865012107E0,-1.000000000E0
1.810969957E2,2.998831082E1,3.144033252E1,3.152772064E2,3.322992623E2,3.773438606E0,2.567283443E2,1.422692066E0,5.749939235E0,3.732273069E0,-1.000000000E0
1.820969948E2,2.998830349E1,3.144029307E1,3.151880861E2,3.322101356E2,3.735694939E0,2.565520781E2,1.426192799E0,5.622980069E0,3.609716063E0,-1.000000000E0
1.830969940E2,2.998829656E1,3.144025762E1,3.155751665E2,3.325972107E2,3.644722511E0,2.562331451E2,1.430138949E0,5.489389115E0,3.530295254E0,-1.000000000E0
1.840969936E2,2.998828785E1,3.144021790E1,3.153500551E2,3.323720953E2,3.693864892E0,2.565729397E2,1.433933061E0,5.314919622E0,3.444270739E0,-1.000000000E0
1.850969931E2,2.998828079E1,3.144017935E1,3.150812565E2,3.321032901E2,3.734916766E0,2.569951116E2,1.437566263E0,5.154742616E0,3.298865389E0,-1.000000000E0
1.860969925E2,2.998827310E1,3.144014269E1,3.154391135E2,3.324611427E2,3.628927617E0,2.571308143E2,1.440990347E0,5.006903277E0,3.199341520E0,-1.000000000E0
1.870969917E2,2.998826508E1,3.144010836E1,3.157518802E2,3.327739068E2,3.556626893E0,2.568594712E2,1.444641619E0,4.872591910E0,3.107616057E0,-1.000000000E0
1.880969911E2,2.998825965E1,3.144007097E1,3.154838158E2,3.325058334E2,3.670044753E0,2.581144738E2,1.448379357E0,4.728962329E0,3.022209786E0,-1.000000000E0
1.890969915E2,2.998825520E1,3.144003250E1,3.155072262E2,3.325292325E2,3.706158317E0,2.592497007E2,1.452492509E0,4.592514267E0,3.116193550E0,-1.000000000E0
1.900969907E2,2.998824967E1,3.143999027E1,3.151519884E2,3.321739834E2,3.820244821E0,2.608145589E2,1.456106713E0,4.491221723E0,3.043566565E0,-1.000000000E0
1.910969896E2,2.998824517E1,3.143995311E1,3.154531835E2,3.324751678E2,3.722020788E0,2.615008902E2,1.459821624E0,4.366660628E0,3.000000000E0,-1.000000000E0
1.920969898E2,2.998824325E1,3.143991460E1,3.152079378E2,3.322299061E2,3.705547872E0,2.636514406E2,1.463443256E0,4.292930117E0,3.000000000E0,-1.000000000E0
1.930969894E2,2.998823998E1,3.143987719E1,3.154118619E2,3.324338171E2,3.688263345E0,2.641636423E2,1.466972109E0,4.178283615E0,3.000000000E0,-1.000000000E0
1.940969887E2,2.998823726E1,3.143984068E1,3.155326336E2,3.325545752E2,3.741082948E0,2.645651144E2,1.471110653E0,4.070848484E0,3.000000000E0,-1.000000000E0
1.950969878E2,2.998823375E1,3.143979790E1,3.155507947E2,3.325727210E2,3.908664239E0,2.647462411E2,1.474806211E0,4.082789066E0,3.000000000E0,-1.000000000E0
1.960969880E2,2.998823301E1,3.143975954E1,3.154155990E2,3.324375070E2,3.759541552E0,2.649451740E2,1.478404342E0,4.042667205E0,3.000000000E0,-1.000000000E0
1.970969877E2,2.998822973E1,3.143972237E1,3.154911033E2,3.325129984E2,3.642721036E0,2.649592397E2,1.482360074E0,4.006342170E0,3.000000000E0,-1.000000000E0
1.980969872E2,2.998822646E1,3.143968147E1,3.150972605E2,3.321191408E2,3.701878406E0,2.650881040E2,1.485694588E0,3.906025062E0,3.000000000E0,-1.000000000E0
1.990969862E2,2.998821925E1,3.143964786E1,3.156859806E2,3.327078571E2,3.627915761E0,2.637896973E2,1.489339476E0,3.873749811E0,3.000000000E0,-1.000000000E0
2.000969864E2,2.998821499E1,3.143961034E1,3.158396552E2,3.328615205E2,3.680267263E0,2.638200711E2,1.493102158E0,3.780062296E0,3.000000000E0,-1.000000000E0
2.010969864E2,2.998821262E1,3.143957137E1,3.156037310E2,3.326255808E2,3.784175006E0,2.645806098E2,1.496942205E0,3.691059220E0,3.000000000E0,-1.000000000E0
2.020969850E2,2.998821031E1,3.143953158E1,3.158209020E2,3.328427357E2,3.723853048E0,2.643846699E2,1.500979998E0,3.624847424E0,3.000000000E0,-1.000000000E0
2.030969850E2,2.998820816E1,3.143948973E1,3.156000144E2,3.326218308E2,3.750198186E0,2.646992662E2,1.504642194E0,3.543605048E0,3.000000000E0,-1.000000000E0
2.040969850E2,2.998820510E1,3.143945187E1,3.159161042E2,3.329379069E2,3.693741250E0,2.645162233E2,1.508589988E0,3.466424817E0,3.000000000E0,-1.000000000E0
2.050969849E2,2.998820242E1,3.143941100E1,3.156933118E2,3.327150985E2,3.697196920E0,2.648157595E2,1.512288030E0,3.393103576E0,3.000000000E0,-1.000000000E0
2.060969843E2,2.998820022E1,3.143937268E1,3.159453916E2,3.329671629E2,3.649789140E0,2.650035736E2,1.516595599E0,3.352923569E0,3.000000000E0,-1.000000000E0
2.070969838E2,2.998819998E1,3.143932796E1,3.158468137E2,3.328685626E2,3.734506743E0,2.669718875E2,1.520479693E0,3.315380124E0,3.000000000E0,-1.000000000E0
2.080969832E2,2.998819773E1,3.143928771E1,3.154372974E2,3.324590298E2,3.695376369E0,2.673370645E2,1.524171645E0,3.359777592E0,3.000000000E0,-1.000000000E0
2.090969826E2,2.998819624E1,3.143924942E1,3.154665817E2,3.324882973E2,3.732620688E0,2.679354816E2,1.527648135E0,3.291788710E0,3.000000000E0,-1.000000000E0
2.100969822E2,2.998819404E1,3.143921341E1,3.157625899E2,3.327842912E2,3.688132720E0,2.677974689E2,1.531604668E0,3.299850906E0,3.000000000E0,-1.000000000E0
2.110969818E2,2.998819309E1,3.143917234E1,3.157210632E2,3.327427452E2,3.735489289E0,2.685134605E2,1.535296620E0,3.253327559E0,3.000000000E0,-1.000000000E0
2.120969819E2,2.998819186E1,3.143913403E1,3.158885827E2,3.329102474E2,3.702950439E0,2.687695475E2,1.538848321E0,3.190661177E0,3.000000000E0,-1.000000000E0
2.130969816E2,2.998819256E1,3.143909716E1,3.161759715E2,3.331976161E2,3.645250767E0,2.697514159E2,1.542595461E0,3.131128104E0,3.000000000E0,-1.000000000E0
2.140969805E2,2.998819180E1,3.143905827E1,3.159789935E2,3.330006195E2,3.680894479E0,2.706669634E2,1.546185642E0,3.085550863E0,3.000000000E0,-1.000000000E0
2.150969809E2,2.998819413E1,3.143902109E1,3.162027773E2,3.332243800E2,3.688310501E0,2.719472096E2,1.549544061E0,3.031273343E0,3.000000000E0,-1.000000000E0
2.160969813E2,2.998819622E1,3.143898630E1,3.163402687E2,3.333618496E2,3.701256564E0,2.731274620E2,1.553578645E0,3.002882493E0,3.000000000E0,-1.000000000E0
2.170969825E2,2.998819855E1,3.143894449E1,3.161389982E2,3.331605534E2,3.766418547E0,2.738174518E2,1.557042577E0,2.974190239E0,3.000000000E0,-1.000000000E0
2.180969825E2,2.998820184E1,3.143890873E1,3.163780102E2,3.333995410E2,3.708634879E0,2.738733588E2,1.560900482E0,3.018328633E0,3.000000000E0,-1.000000000E0
2.190969831E2,2.998820469E1,3.143886880E1,3.164180829E2,3.334395878E2,3.715445077E0,2.744815185E2,1.564488023E0,2.967412211E0,3.000000000E0,-1.000000000E0
2.200969839E2,2.998820913E1,3.143883191E1,3.165948579E2,3.336163357E2,3.684100949E0,2.753068384E2,1.568007088E0,2.951801748E0,3.000000000E0,-1.000000000E0
2.210969849E2,2.998821075E1,3.143879542E1,3.164920974E2,3.335135535E2,3.691500935E0,2.755349866E2,1.571700598E0,2.969025060E0,3.000000000E0,-1.000000000E0
2.220969852E2,2.998821362E1,3.143875721E1,3.164591703E2,3.334806014E2,3.740867440E0,2.757558648E2,1.575596491E0,2.964648350E0,3.000000000E0,-1.000000000E0
2.230969847E2,2.998821649E1,3.143871689E1,3.163051949E2,3.333266000E2,3.865864859E0,2.754952059E2,1.579152043E0,2.916415947E0,3.000000000E0,-1.000000000E0
2.240969858E2,2.998821926E1,3.143868011E1,3.165748325E2,3.335962137E2,3.769138288E0,2.756098974E2,1.582773790E0,2.870595126E0,3.000000000E0,-1.000000000E0
2.250969853E2,2.998822271E1,3.143864272E1,3.164255896E2,3.334469451E2,3.762675444E0,2.756475248E2,1.586029218E0,2.860366490E0,3.000000000E0,-1.000000000E0
2.260969864E2,2.998822466E1,3.143860899E1,3.165989459E2,3.336202805E2,3.467133604E0,2.750790193E2,1.589330417E0,2.817348139E0,3.000000000E0,-1.000000000E0
2.270969865E2,2.998823043E1,3.143857537E1,3.164228373E2,3.334441440E2,3.249147912E0,2.766549625E2,1.592341371E0,2.841964553E0,3.000000000E0,-1.000000000E0
2.280969875E2,2.998823208E1,3.143854417E1,3.165131794E2,3.335344669E2,3.056249903E0,2.754361695E2,1.595047296E0,2.799866345E0,3.000000000E0,-1.000000000E0
2.290969868E2,2.998823134E1,3.143851608E1,3.165884981E2,3.336097727E2,2.815587137E0,2.733056553E2,1.597987245E0,2.824129634E0,3.000000000E0,-1.000000000E0
2.300969871E2,2.998822696E1,3.143848598E1,3.165068669E2,3.335281342E2,2.765353398E0,2.679259211E2,1.600987733E0,2.892764397E0,3.000000000E0,-1.000000000E0
2.310969868E2,2.998821674E1,3.143845715E1,3.166666881E2,3.336879599E2,2.928276965E0,2.570267431E2,1.604379452E0,2.848126165E0,3.000000000E0,-1.000000000E0
2.320969870E2,2.998819877E1,3.143842868E1,3.164038296E2,3.334251203E2,3.160769362E0,2.443050998E2,1.607943509E0,2.839046850E0,3.000000000E0,-1.000000000E0
2.330969869E2,2.998817275E1,3.143840709E1,3.166800774E2,3.337014057E2,3.307730484E0,2.286459031E2,1.611760457E0,2.836681914E0,3.000000000E0,-1.000000000E0
2.340969876E2,2.998814347E1,3.143838639E1,3.161932721E2,3.332146445E2,3.574429980E0,2.164035025E2,1.615459663E0,2.820393061E0,3.000000000E0,-1.000000000E0
2.350969872E2,2.998811211E1,3.143837357E1,3.162669863E2,3.332884109E2,3.646666370E0,2.074681894E2,1.619667621E0,2.918461106E0,3.000000000E0,-1.000000000E0
2.360969877E2,2.998807607E1,3.143836024E1,3.158398148E2,3.328612999E2,3.929865429E0,2.008172173E2,1.624023019E0,2.872538024E0,3.000000000E0,-1.000000000E0
2.370969877E2,2.998803700E1,3.143835708E1,3.157792610E2,3.328008175E2,4.067472471E0,1.911411185E2,1.628336355E0,2.828911103E0,3.000000000E0,-1.000000000E0
2.380969870E2,2.998799823E1,3.143835555E1,3.155223894E2,3.325440176E2,4.214539945E0,1.851023060E2,1.632561357E0,2.787465527E0,3.000000000E0,-1.000000000E0
2.390969868E2,2.998796029E1,3.143835785E1,3.152038087E2,3.322255090E2,4.289444343E0,1.820292006E2,1.637203529E0,2.800904324E0,3.000000000E0,-1.000000000E0
2.400969872E2,2.998791854E1,3.143835707E1,3.148928717E2,3.319146496E2,4.485500378E0,1.815509728E2,1.641742970E0,2.763830237E0,3.000000000E0,-1.000000000E0
2.410969874E2,2.998787772E1,3.143835685E1,3.148006734E2,3.318225276E2,4.527936846E0,1.807155245E2,1.646289096E0,2.790986522E0,3.000000000E0,-1.000000000E0
2.420969871E2,2.998783684E1,3.143835690E1,3.145113810E2,3.315333117E2,4.574027338E0,1.808580902E2,1.650701757E0,2.837379038E0,3.000000000E0,-1.000000000E0
2.430969864E2,2.998779715E1,3.143835691E1,3.142301213E2,3.312521261E2,4.472088030E0,1.811157859E2,1.655001747E0,2.868554389E0,3.000000000E0,-1.000000000E0
2.440969870E2,2.998775855E1,3.143835430E1,3.138199006E2,3.308419762E2,4.301137829E0,1.818602084E2,1.659048024E0,2.875000034E0,3.000000000E0,-1.000000000E0
2.450969859E2,2.998772221E1,3.143835208E1,3.134799232E2,3.305020657E2,4.078399165E0,1.824998291E2,1.662670653E0,2.840772215E0,3.000000000E0,-1.000000000E0
2.460969869E2,2.998768965E1,3.143835073E1,3.134619046E2,3.304841072E2,3.725102696E0,1.826298502E2,1.665811826E0,2.870967588E0,3.000000000E0,-1.000000000E0
2.470969859E2,2.998766149E1,3.143834819E1,3.129238616E2,3.299461155E2,3.250273573E0,1.828007625E2,1.668344699E0,2.827419215E0,3.000000000E0,-1.000000000E0
2.480969864E2,2.998763872E1,3.143834722E1,3.130587204E2,3.300810164E2,2.772991283E0,1.830230997E2,1.670451499E0,2.921016707E0,3.000000000E0,-1.000000000E0
2.490969857E2,2.998761984E1,3.143834551E1,3.130335241E2,3.300558546E2,2.265019466E0,1.830725390E2,1.671835105E0,2.930023908E0,3.000000000E0,-1.000000000E0
2.500969858E2,2.998760754E1,3.143834330E1,3.126528028E2,3.296751551E2,1.660952237E0,1.843453451E2,1.672733580E0,2.923097324E0,3.000000000E0,-1.000000000E0
2.510969855E2,2.998759948E1,3.143834267E1,3.129826464E2,3.300050134E2,1.167252860E0,1.837512219E2,1.673637325E0,2.894951056E0,3.000000000E0,-1.000000000E0
2.520969858E2,2.998759257E1,3.143833773E1,3.127173024E2,3.297396799E2,1.238286532E0,1.854711029E2,1.674672451E0,2.873369355E0,3.000000000E0,-1.000000000E0
2.530969855E2,2.998758364E1,3.143834076E1,3.126678018E2,3.296901975E2,9.526447240E-1,1.821495726E2,1.675126524E0,2.830321348E0,3.000000000E0,-1.000000000E0
2.540969892E2,2.998757980E1,3.143834239E1,3.129433034E2,3.299657071E2,6.496438169E-1,1.801710996E2,1.677041203E0,2.788805284E0,3.000000000E0,-1.000000000E0
2.550969850E2,2.998756261E1,3.143834336E1,3.126216187E2,3.296440551E2,1.596395271E0,1.800268383E2,1.679875125E0,2.777948910E0,3.000000000E0,-1.000000000E0
2.560969850E2,2.998753719E1,3.143834562E1,3.124351643E2,3.294576493E2,2.429066447E0,1.791996695E2,1.683020407E0,2.739051450E0,3.000000000E0,-1.000000000E0
2.570969851E2,2.998750899E1,3.143834816E1,3.124239221E2,3.294464612E2,2.865383250E0,1.773159401E2,1.686177451E0,2.702098873E0,3.000000000E0,-1.000000000E0
2.580969841E2,2.998748067E1,3.143835040E1,3.122545827E2,3.292771758E2,2.979184718E0,1.759933899E2,1.689050764E0,2.698573172E0,3.000000000E0,-1.000000000E0
2.590970148E2,2.998745497E1,3.143835348E1,3.122162877E2,3.292389305E2,2.886109127E0,1.757866538E2,1.691817217E0,2.663644511E0,3.000000000E0,-1.000000000E0
2.600970140E2,2.998743014E1,3.143835541E1,3.121476372E2,3.291703273E2,2.837086714E0,1.763707211E2,1.694609806E0,2.630462288E0,3.000000000E0,-1.000000000E0
2.610970155E2,2.998740506E1,3.143835696E1,3.120384050E2,3.290611429E2,2.777573709E0,1.774153228E2,1.697228839E0,2.598939172E0,3.000000000E0,-1.000000000E0
2.620970187E2,2.998738159E1,3.143835916E1,3.119676610E2,3.289904438E2,2.642522821E0,1.776485902E2,1.699998258E0,2.568992210E0,3.000000000E0,-1.000000000E0
2.630970184E2,2.998735671E1,3.143836051E1,3.118473630E2,3.288701931E2,2.677221637E0,1.785286680E2,1.702342739E0,2.577189166E0,3.000000000E0,-1.000000000E0
2.640970173E2,2.998733564E1,3.143836154E1,3.116524240E2,3.286752939E2,2.531560845E0,1.793548754E2,1.704798493E0,2.611013418E0,3.000000000E0,-1.000000000E0
2.650970136E2,2.998731358E1,3.143836058E1,3.115317896E2,3.285547003E2,2.475459192E0,1.801088146E2,1.707212316E0,2.650052390E0,3.000000000E0,-1.000000000E0
2.660970162E2,2.998729191E1,3.143835892E1,3.114016289E2,3.284245793E2,2.399122046E0,1.810003494E2,1.709541498E0,2.644341510E0,3.000000000E0,-1.000000000E0
2.670970181E2,2.998727098E1,3.143835806E1,3.113638712E2,3.283868602E2,2.351376189E0,1.813596835E2,1.712024460E0,2.716152483E0,3.000000000E0,-1.000000000E0
2.680970244E2,2.998724868E1,3.143835676E1,3.110487493E2,3.280717793E2,2.368466434E0,1.819315710E2,1.714279012E0,2.763341337E0,3.000000000E0,-1.000000000E0
2.690970200E2,2.998722843E1,3.143835563E1,3.112683928E2,3.282914601E2,2.368709720E0,1.813306704E2,1.717022676E0,2.725174273E0,3.000000000E0,-1.000000000E0
2.700970186E2,2.998720379E1,3.143835400E1,3.107249539E2,3.277480665E2,2.563331928E0,1.820182106E2,1.719351566E0,2.688915555E0,3.000000000E0,-1.000000000E0
2.710970206E2,2.998718285E1,3.143835447E1,3.105396890E2,3.275628410E2,2.386493860E0,1.804305303E2,1.722495046E0,2.673123018E0,3.000000000E0,-1.000000000E0
2.720970128E2,2.998715499E1,3.143836000E1,3.104837587E2,3.275069656E2,2.863944550E0,1.775298640E2,1.725169817E0,2.639466863E0,3.000000000E0,-1.000000000E0
2.730970104E2,2.998713118E1,3.143836390E1,3.105823276E2,3.276055810E2,2.723352508E0,1.762834109E2,1.727850708E0,2.624738876E0,3.000000000E0,-1.000000000E0
2.740970103E2,2.998710723E1,3.143836069E1,3.102437628E2,3.272670593E2,2.618123976E0,1.810989360E2,1.729994143E0,2.603457462E0,3.000000000E0,-1.000000000E0
2.750970093E2,2.998708826E1,3.143835674E1,3.102480057E2,3.272713357E2,2.252884573E0,1.870966017E2,1.731812833E0,2.622564928E0,3.000000000E0,-1.000000000E0
2.760970083E2,2.998707299E1,3.143834996E1,3.100541515E2,3.270775065E2,1.824629613E0,1.916919046E2,1.733003001E0,2.591436690E0,3.000000000E0,-1.000000000E0
2.770970082E2,2.998706258E1,3.143834711E1,3.099035980E2,3.269269711E2,1.313380523E0,1.937554625E2,1.733911918E0,2.639726122E0,3.000000000E0,-1.000000000E0
2.780970075E2,2.998705446E1,3.143834595E1,3.098978756E2,3.269212632E2,1.082143950E0,1.937554618E2,1.735284951E0,2.679778639E0,3.000000000E0,-1.000000000E0
2.790970074E2,2.998704255E1,3.143834220E1,3.098228100E2,3.268462180E2,1.249602355E0,1.937554599E2,1.736678023E0,2.734351181E0,3.000000000E0,-1.000000000E0
2.800970062E2,2.998703037E1,3.143833884E1,3.097435440E2,3.267669731E2,1.351917812E0,1.937554583E2,1.738283021E0,2.705543339E0,3.000000000E0,-1.000000000E0
2.810970064E2,2.998701609E1,3.143833635E1,3.096591620E2,3.266826164E2,1.513215081E0,1.937554569E2,1.740360675E0,2.670266171E0,3.000000000E0,-1.000000000E0
2.820970055E2,2.998699784E1,3.143833176E1,3.095195702E2,3.265430564E2,2.084403477E0,1.904650325E2,1.743591260E0,2.650509406E0,3.000000000E0,-1.000000000E0
2.830970056E2,2.998696896E1,3.143832811E1,3.094247268E2,3.264482651E2,3.011018080E0,1.865237091E2,1.747628701E0,2.691173940E0,3.000000000E0,-1.000000000E0
2.840970043E2,2.998693281E1,3.143832412E1,3.093042719E2,3.263278757E2,3.781828145E0,1.854826392E2,1.751959275E0,2.668636749E0,3.000000000E0,-1.000000000E0
2.850970047E2,2.998689390E1,3.143832231E1,3.091470830E2,3.261707587E2,4.101054099E0,1.850588529E2,1.756316835E0,2.743059601E0,3.000000000E0,-1.000000000E0
2.860970036E2,2.998685492E1,3.143831765E1,3.089204384E2,3.259441845E2,4.243763134E0,1.856803060E2,1.760657904E0,2.743977476E0,3.000000000E0,-1.000000000E0
2.870970038E2,2.998681672E1,3.143830836E1,3.086930385E2,3.257168513E2,4.301548766E0,1.876169863E2,1.764964760E0,2.711301499E0,3.000000000E0,-1.000000000E0
2.880970029E2,2.998677915E1,3.143829746E1,3.084905288E2,3.255144063E2,4.309362338E0,1.905086482E2,1.769252232E0,2.708464234E0,3.000000000E0,-1.000000000E0
2.890970025E2,2.998674273E1,3.143828285E1,3.083115566E2,3.253354947E2,4.309849676E0,1.940681447E2,1.773497773E0,2.753222015E0,3.000000000E0,-1.000000000E0
2.900970021E2,2.998670585E1,3.143827143E1,3.085319502E2,3.255559514E2,4.280352406E0,1.961152310E2,1.777861380E0,2.814176266E0,3.000000000E0,-1.000000000E0
2.910970019E2,2.998666825E1,3.143825847E1,3.085549553E2,3.255790202E2,4.326739268E0,1.979343249E2,1.782346349E0,2.784802226E0,3.000000000E0,-1.000000000E0
2.920970016E2,2.998663061E1,3.143824174E1,3.083681106E2,3.253922373E2,4.369735220E0,1.991025088E2,1.786773289E0,2.829743726E0,3.000000000E0,-1.000000000E0
2.930970017E2,2.998659386E1,3.143822404E1,3.080620103E2,3.250861966E2,4.398758943E0,1.997986791E2,1.791153019E0,2.858972776E0,3.000000000E0,-1.000000000E0
2.940970010E2,2.998655719E1,3.143820745E1,3.078744114E2,3.248986578E2,4.401298539E0,1.999890912E2,1.795673005E0,2.816024140E0,3.000000000E0,-1.000000000E0
2.950970010E2,2.998651841E1,3.143819339E1,3.079679826E2,3.249922943E2,4.417478576E0,1.995848197E2,1.800422094E0,2.982122257E0,3.000000000E0,-1.000000000E0
2.960970005E2,2.998647753E1,3.143817911E1,3.079559844E2,3.249803653E2,4.465961167E0,1.986016703E2,1.805018477E0,2.952955187E0,3.000000000E0,-1.000000000E0
2.970970004E2,2.998643813E1,3.143816469E1,3.078357188E2,3.248601660E2,4.455592560E0,1.981468517E2,1.809796737E0,3.164107868E0,3.000000000E0,-1.000000000E0
2.980969995E2,2.998639623E1,3.143815363E1,3.078125027E2,3.248370225E2,4.530839789E0,1.974074368E2,1.814377327E0,3.179867274E0,3.000000000E0,-1.000000000E0
2.990969996E2,2.998635656E1,3.143814083E1,3.077328150E2,3.247574024E2,4.594482419E0,1.974568356E2,1.818924222E0,3.202229925E0,3.000000000E0,-1.000000000E0
3.000969993E2,2.998631775E1,3.143812597E1,3.076375602E2,3.246622126E2,4.597923461E0,1.977345345E2,1.823017884E0,3.201989378E0,3.000000000E0,-1.000000000E0
3.010969993E2,2.998628278E1,3.143811267E1,3.075171198E2,3.245418308E2,4.343544064E0,1.979005032E2,1.826719144E0,3.324152014E0,3.000000000E0,-1.000000000E0
3.020969994E2,2.998625097E1,3.143810136E1,3.073914934E2,3.244162581E2,3.914977213E0,1.974201935E2,1.829810519E0,3.552790560E0,3.000000000E0,-1.000000000E0
3.030969981E2,2.998622403E1,3.143809345E1,3.072772158E2,3.243020268E2,3.310079413E0,1.961889061E2,1.832611312E0,3.684049555E0,3.000000000E0,-1.000000000E0
3.040969979E2,2.998619939E1,3.143808742E1,3.071161990E2,3.241410530E2,2.818520810E0,1.946961741E2,1.834486909E0,3.668644730E0,3.000000000E0,-1.000000000E0
3.050969977E2,2.998618274E1,3.143808426E1,3.070988444E2,3.241237279E2,2.104522003E0,1.932290348E2,1.835617679E0,3.679978612E0,3.000000000E0,-1.000000000E0
3.060969973E2,2.998617415E1,3.143807798E1,3.069411291E2,3.239660254E2,1.586389166E0,1.925795680E2,1.836628623E0,3.770060145E0,3.000000000E0,-1.000000000E0
3.070969975E2,2.998616570E1,3.143807409E1,3.067461092E2,3.237710194E2,1.266100330E0,1.919704902E2,1.837598615E0,3.715497336E0,3.000000000E0,-1.000000000E0
3.080969975E2,2.998615714E1,3.143807218E1,3.065484806E2,3.235734058E2,9.602047866E-1,1.919704892E2,1.838233206E0,3.638168476E0,3.000000000E0,-1.000000000E0
3.090969973E2,2.998615170E1,3.143807020E1,3.064789448E2,3.235038791E2,8.349489021E-1,1.919704882E2,1.839046862E0,3.697026501E0,3.000000000E0,-1.000000000E0
3.100969968E2,2.998614493E1,3.143806697E1,3.063954094E2,3.234203547E2,1.019787566E0,1.919704866E2,1.839905575E0,3.677774222E0,3.000000000E0,-1.000000000E0
3.110969962E2,2.998613743E1,3.143806487E1,3.063193668E2,3.233443251E2,8.174964971E-1,1.919704855E2,1.841046565E0,3.619660637E0,3.000000000E0,-1.000000000E0
3.120969965E2,2.998612756E1,3.143806163E1,3.061701617E2,3.231951367E2,1.303589733E0,1.919704839E2,1.843095047E0,3.596254082E0,3.000000000E0,-1.000000000E0
3.130969958E2,2.998610914E1,3.143806157E1,3.059971124E2,3.230221219E2,2.013939445E0,1.846907605E2,1.846001710E0,3.516441369E0,3.000000000E0,-1.000000000E0
3.140969962E2,2.998608428E1,3.143807091E1,3.057846974E2,3.228097582E2,2.796287911E0,1.667517786E2,1.849620387E0,3.515561943E0,3.000000000E0,-1.000000000E0
3.150969955E2,2.998605533E1,3.143808808E1,3.055292241E2,3.225543478E2,3.274607798E0,1.568991552E2,1.853182500E0,3.564779240E0,3.000000000E0,-1.000000000E0
3.160969956E2,2.998603463E1,3.143811630E1,3.053821716E2,3.224073484E2,3.526733263E0,1.418892368E2,1.856826527E0,3.538704347E0,3.000000000E0,-1.000000000E0
3.170969955E2,2.998602133E1,3.143815088E1,3.051378600E2,3.221630793E2,3.610286069E0,1.261219658E2,1.859984819E0,3.602959008E0,3.000000000E0,-1.000000000E0
3.180969949E2,2.998601404E1,3.143818257E1,3.051350673E2,3.221603164E2,3.525866404E0,1.173543190E2,1.863353565E0,3.610412093E0,3.000000000E0,-1.000000000E0
3.190969952E2,2.998600643E1,3.143821643E1,3.049386289E2,3.219639096E2,3.492934200E0,1.115721590E2,1.866871171E0,3.668394391E0,3.000000000E0,-1.000000000E0
3.200969944E2,2.998600235E1,3.143825265E1,3.048463469E2,3.218716537E2,3.542945356E0,1.054834759E2,1.870387110E0,3.584974685E0,3.000000000E0,-1.000000000E0
3.210969949E2,2.998600028E1,3.143828908E1,3.048988227E2,3.219241520E2,3.543719309E0,1.013313030E2,1.873832413E0,3.517312373E0,3.000000000E0,-1.000000000E0
3.220969938E2,2.998600022E1,3.143832485E1,3.049064347E2,3.219317824E2,3.568915515E0,9.813431093E1,1.877378182E0,3.455953612E0,3.000000000E0,-1.000000000E0
3.230969940E2,2.998599956E1,3.143836166E1,3.049196525E2,3.219450203E2,3.706238495E0,9.613228621E1,1.881032861E0,3.491312668E0,3.000000000E0,-1.000000000E0
3.240969938E2,2.998599930E1,3.143839960E1,3.049030461E2,3.219284338E2,3.790224031E0,9.406070194E1,1.884644476E0,3.492482061E0,3.000000000E0,-1.000000000E0
3.250969938E2,2.998600023E1,3.143843709E1,3.050243708E2,3.220497758E2,3.822470785E0,9.247987335E1,1.888339422E0,3.417857970E0,3.000000000E0,-1.000000000E0
3.260969938E2,2.998599972E1,3.143847545E1,3.051717903E2,3.221972159E2,3.823449283E0,9.181557523E1,1.891835357E0,3.408359738E0,3.000000000E0,-1.000000000E0
3.270969927E2,2.998599906E1,3.143851174E1,3.051989480E2,3.222243934E2,3.794405561E0,9.156260097E1,1.895170521E0,3.379503326E0,3.000000000E0,-1.000000000E0
3.280969932E2,2.998599971E1,3.143854636E1,3.053334652E2,3.223589270E2,3.780761801E0,9.145433640E1,1.898946745E0,3.508665412E0,3.000000000E0,-1.000000000E0
3.290969927E2,2.998599976E1,3.143858557E1,3.054264369E2,3.224519187E2,3.789994304E0,9.150529896E1,1.902392152E0,3.438939851E0,3.000000000E0,-1.000000000E0
3.300969930E2,2.998599977E1,3.143862134E1,3.055252409E2,3.225507410E2,3.771661269E0,9.135956368E1,1.905841078E0,3.447476198E0,3.000000000E0,-1.000000000E0
3.310969923E2,2.998600203E1,3.143865705E1,3.057103365E2,3.227358506E2,3.742751802E0,9.076136414E1,1.909396741E0,3.504720965E0,3.000000000E0,-1.000000000E0
3.320969920E2,2.998600288E1,3.143869396E1,3.057867792E2,3.228123105E2,3.750534238E0,9.078645079E1,1.912727429E0,3.469331271E0,3.000000000E0,-1.000000000E0
3.330969927E2,2.998600517E1,3.143872844E1,3.060430581E2,3.230686028E2,3.688743473E0,9.056347752E1,1.916385840E0,3.573869508E0,3.000000000E0,-1.000000000E0
3.340969921E2,2.998600474E1,3.143876642E1,3.062009473E2,3.232265123E2,3.690907879E0,9.056757596E1,1.920082555E0,3.573992434E0,3.000000000E0,-1.000000000E0
3.350969923E2,2.998600329E1,3.143880477E1,3.062619696E2,3.232875568E2,3.711872528E0,9.063769102E1,1.923816605E0,3.509488826E0,3.000000000E0,-1.000000000E0
3.360969917E2,2.998600157E1,3.143884349E1,3.062822198E2,3.233078301E2,3.723769004E0,9.062201754E1,1.927141321E0,3.495839781E0,3.000000000E0,-1.000000000E0
3.370969909E2,2.998600288E1,3.143887798E1,3.063806718E2,3.234062972E2,3.677133852E0,9.017033758E1,1.930716328E0,3.421047804E0,3.000000000E0,-1.000000000E0
3.380969911E2,2.998600394E1,3.143891508E1,3.064976664E2,3.235233088E2,3.670994896E0,8.973984631E1,1.933976398E0,3.352036923E0,3.000000000E0,-1.000000000E0
3.390969907E2,2.998600622E1,3.143894882E1,3.065831669E2,3.236088223E2,3.650665511E0,8.921589940E1,1.937762626E0,3.299454422E0,3.000000000E0,-1.000000000E0
3.400969900E2,2.998600885E1,3.143898802E1,3.067281461E2,3.237538167E2,3.687557220E0,8.898216708E1,1.941189494E0,3.258390135E0,3.000000000E0,-1.000000000E0
3.410969896E2,2.998601162E1,3.143902346E1,3.067485965E2,3.237742799E2,3.694034835E0,8.877569201E1,1.945028929E0,3.217454936E0,3.000000000E0,-1.000000000E0
3.420969890E2,2.998601221E1,3.143906331E1,3.067781574E2,3.238038601E2,3.762367081E0,8.893559290E1,1.948850460E0,3.281642885E0,3.000000000E0,-1.000000000E0
3.430969888E2,2.998601342E1,3.143910297E1,3.069094686E2,3.239351893E2,3.774961985E0,8.897597532E1,1.952188822E0,3.282779753E0,3.000000000E0,-1.000000000E0
3.440969887E2,2.998601536E1,3.143913756E1,3.070345466E2,3.240602814E2,3.744877741E0,8.899557982E1,1.955840149E0,3.258525750E0,3.000000000E0,-1.000000000E0
3.450969962E2,2.998601554E1,3.143917547E1,3.070278594E2,3.240536132E2,3.745121241E0,8.939086748E1,1.959719562E0,3.204741387E0,3.000000000E0,-1.000000000E0
3.460969884E2,2.998601475E1,3.143921574E1,3.069523830E2,3.239781589E2,3.773954949E0,8.978589900E1,1.963412754E0,3.159198037E0,3.000000000E0,-1.000000000E0
3.470969876E2,2.998601579E1,3.143925407E1,3.068796507E2,3.239054442E2,3.766363845E0,9.015265290E1,1.967011012E0,3.101238141E0,3.000000000E0,-1.000000000E0
3.480969881E2,2.998601399E1,3.143929137E1,3.069400405E2,3.239658564E2,3.751995337E0,9.074114120E1,1.970812100E0,3.146354521E0,3.000000000E0,-1.000000000E0
3.490969875E2,2.998601268E1,3.143933081E1,3.068548919E2,3.238807304E2,3.762798356E0,9.119847483E1,1.974637892E0,3.239382547E0,3.000000000E0,-1.000000000E0
3.500969872E2,2.998600844E1,3.143937023E1,3.068080078E2,3.238338744E2,3.776716500E0,9.218845115E1,1.978528380E0,3.177413428E0,3.000000000E0,-1.000000000E0
3.510969876E2,2.998600274E1,3.143941008E1,3.066943960E2,3.237202937E2,3.803477025E0,9.349280426E1,1.982390241E0,3.208093818E0,3.000000000E0,-1.000000000E0
3.520969862E2,2.998599559E1,3.143944932E1,3.066782767E2,3.237042078E2,3.803676732E0,9.658048598E1,1.986556819E0,3.154716557E0,3.000000000E0,-1.000000000E0
3.530969861E2,2.998598482E1,3.143949076E1,3.066563111E2,3.236822835E2,3.860724878E0,1.027063608E2,1.990334789E0,3.096980730E0,3.000000000E0,-1.000000000E0
3.540969862E2,2.998596774E1,3.143952467E1,3.065224285E2,3.235484502E2,3.873935352E0,1.094817376E2,1.994600072E0,3.101140357E0,3.000000000E0,-1.000000000E0
3.550969856E2,2.998594856E1,3.143956302E1,3.064029667E2,3.234290439E2,3.882004791E0,1.164758165E2,1.998698513E0,3.141863511E0,3.000000000E0,-1.000000000E0
3.560969856E2,2.998592230E1,3.143959289E1,3.061964358E2,3.232225772E2,3.879906812E0,1.248705397E2,2.002796425E0,3.159120967E0,3.000000000E0,-1.000000000E0
3.570969855E2,2.998589336E1,3.143961923E1,3.059815375E2,3.230077465E2,3.902573925E0,1.334266540E2,2.007033180E0,3.214020656E0,3.000000000E0,-1.000000000E0
3.580969857E2,2.998586021E1,3.143964091E1,3.057793395E2,3.228056216E2,3.942426893E0,1.432555651E2,2.011294478E0,3.230166815E0,3.000000000E0,-1.000000000E0
3.590969856E2,2.998582546E1,3.143965956E1,3.054469086E2,3.224732651E2,4.000644667E0,1.499825247E2,2.015513545E0,3.177172752E0,3.000000000E0,-1.000000000E0
3.600969853E2,2.998579058E1,3.143967681E1,3.051355365E2,3.221619671E2,4.060603390E0,1.537921920E2,2.019778949E0,3.134966003E0,3.000000000E0,-1.000000000E0
3.610969849E2,2.998575620E1,3.143969646E1,3.049455637E2,3.219720685E2,4.114291738E0,1.547139102E2,2.024030100E0,3.090278078E0,3.000000000E0,-1.000000000E0
3.620969840E2,2.998572467E1,3.143972142E1,3.047903145E2,3.218168910E2,4.082540865E0,1.520606279E2,2.028063682E0,3.134143376E0,3.000000000E0,-1.000000000E0
3.630969837E2,2.998569796E1,3.143974976E1,3.046814149E2,3.217080558E2,3.998243083E0,1.465202085E2,2.032133974E0,3.103495728E0,3.000000000E0,-1.000000000E0
3.640969844E2,2.998567398E1,3.143978168E1,3.045545146E2,3.215812167E2,3.953574687E0,1.403166178E2,2.036213833E0,3.064218699E0,3.000000000E0,-1.000000000E0
3.650969834E2,2.998565181E1,3.143981544E1,3.043889704E2,3.214157312E2,3.922075625E0,1.341540904E2,2.040240710E0,3.011007760E0,3.000000000E0,-1.000000000E0
3.660969832E2,2.998563421E1,3.143985198E1,3.043948022E2,3.214216145E2,3.872350010E0,1.275158610E2,2.043872362E0,3.111014447E0,3.000000000E0,-1.000000000E0
3.670969838E2,2.998561928E1,3.143988551E1,3.043530779E2,3.213799353E2,3.773619165E0,1.221072546E2,2.047823216E0,3.167324108E0,3.000000000E0,-1.000000000E0
3.680969831E2,2.998560606E1,3.143992359E1,3.042002758E2,3.212271773E2,3.803197526E0,1.175965117E2,2.051738068E0,3.134802080E0,3.000000000E0,-1.000000000E0
3.690969833E2,2.998559320E1,3.143996143E1,3.041780852E2,3.212050301E2,3.784802870E0,1.150843497E2,2.055245842E0,3.163355649E0,3.000000000E0,-1.000000000E0
3.700969828E2,2.998558427E1,3.143999636E1,3.041454648E2,3.211724442E2,3.720676594E0,1.122018406E2,2.059054913E0,3.149449767E0,3.000000000E0,-1.000000000E0
3.710969824E2,2.998557676E1,3.144003495E1,3.040573980E2,3.210844111E2,3.725939254E0,1.090035962E2,2.062804168E0,3.234263306E0,3.000000000E0,-1.000000000E0
3.720969819E2,2.998557301E1,3.144007364E1,3.040120101E2,3.210390500E2,3.714201354E0,1.052065499E2,2.066750952E0,3.241934775E0,3.000000000E0,-1.000000000E0
3.730969827E2,2.998557135E1,3.144011457E1,3.038580535E2,3.208851174E2,3.698979042E0,1.002475283E2,2.070482444E0,3.288117351E0,3.000000000E0,-1.000000000E0
3.740969822E2,2.998557025E1,3.144015329E1,3.036944030E2,3.207214888E2,3.732753674E0,9.476442159E1,2.074181449E0,3.223711486E0,3.000000000E0,-1.000000000E0
3.750969815E2,2.998557523E1,3.144019127E1,3.036551124E2,3.206822083E2,3.741006676E0,8.949172178E1,2.078047450E0,3.179559310E0,3.000000000E0,-1.000000000E0
3.760969814E2,2.998558209E1,3.144023062E1,3.034908286E2,3.205179318E2,3.799959739E0,8.502986574E1,2.082017975E0,3.160976243E0,3.000000000E0,-1.000000000E0
3.770969812E2,2.998559025E1,3.144027075E1,3.033551391E2,3.203822476E2,3.847793851E0,8.167954470E1,2.085926849E0,3.141998926E0,3.000000000E0,-1.000000000E0
3.780970027E2,2.998560003E1,3.144030974E1,3.033398753E2,3.203669853E2,3.852675261E0,7.855263262E1,2.089882245E0,3.097695912E0,3.000000000E0,-1.000000000E0
3.790969812E2,2.998561451E1,3.144034725E1,3.033119924E2,3.203390946E2,3.803859706E0,7.318497121E1,2.093731943E0,3.042811101E0,3.000000000E0,-1.000000000E0
3.800969808E2,2.998563402E1,3.144038027E1,3.033454391E2,3.203725217E2,3.747229050E0,6.598315102E1,2.097441461E0,2.990670532E0,3.000000000E0,-1.000000000E0
3.810969806E2,2.998565418E1,3.144041096E1,3.033227219E2,3.203497825E2,3.713436579E0,5.985482898E1,2.100972503E0,3.022670573E0,3.000000000E0,-1.000000000E0
3.820969802E2,2.998567410E1,3.144043951E1,3.034969030E2,3.205239410E2,3.682187344E0,5.584289092E1,2.104669914E0,3.042146795E0,3.000000000E0,-1.000000000E0
3.830969805E2,2.998569485E1,3.144046951E1,3.034664086E2,3.204934231E2,3.671022000E0,5.340346385E1,2.108387889E0,3.024704851E0,3.000000000E0,-1.000000000E0
3.840969799E2,2.998571751E1,3.144049789E1,3.036760168E2,3.207030035E2,3.650528775E0,5.081086499E1,2.111980891E0,3.064298913E0,3.000000000E0,-1.000000000E0
3.850970112E2,2.998574155E1,3.144052282E1,3.036761957E2,3.207031502E2,3.553619203E0,4.659071723E1,2.115547021E0,3.048541431E0,3.000000000E0,-1.000000000E0
3.860970119E2,2.998577119E1,3.144053698E1,3.038256294E2,3.208525358E2,3.365967906E0,3.855711219E1,2.118641699E0,3.038801439E0,3.000000000E0,-1.000000000E0
3.870970148E2,2.998579638E1,3.144055064E1,3.038155403E2,3.208424066E2,3.089812979E0,3.313388412E1,2.121165636E0,3.042768245E0,3.000000000E0,-1.000000000E0
3.880970206E2,2.998581676E1,3.144056218E1,3.039347928E2,3.209616269E2,2.656530853E0,3.004769743E1,2.123643437E0,3.019325136E0,3.000000000E0,-1.000000000E0
3.890970232E2,2.998583649E1,3.144057414E1,3.039798665E2,3.210066699E2,2.474445246E0,2.842799326E1,2.126583725E0,3.095845300E0,3.000000000E0,-1.000000000E0
3.900970248E2,2.998586208E1,3.144058182E1,3.040923477E2,3.211191071E2,2.924731547E0,2.581289479E1,2.129881823E0,3.156257183E0,3.000000000E0,-1.000000000E0
3.910970227E2,2.998588923E1,3.144059562E1,3.041686323E2,3.211953480E2,3.292669656E0,2.540550661E1,2.133530503E0,3.110371438E0,3.000000000E0,-1.000000000E0
3.920970223E2,2.998591789E1,3.144061405E1,3.043442905E2,3.213709622E2,3.401224926E0,2.659047610E1,2.136862944E0,3.054852870E0,3.000000000E0,-1.000000000E0
3.930970217E2,2.998594263E1,3.144063358E1,3.044238586E2,3.214504940E2,3.332118513E0,3.012381353E1,2.140211581E0,3.002110232E0,3.000000000E0,-1.000000000E0
3.940970231E2,2.998596567E1,3.144065597E1,3.046544966E2,3.216811003E2,3.312215432E0,3.444028879E1,2.143628856E0,3.006395133E0,3.000000000E0,-1.000000000E0
3.950970212E2,2.998598717E1,3.144068133E1,3.048188761E2,3.218454527E2,3.251116806E0,3.914074677E1,2.147168982E0,3.001222414E0,3.000000000E0,-1.000000000E0
3.960970210E2,2.998600484E1,3.144071190E1,3.050369371E2,3.220634963E2,3.234160208E0,4.540378926E1,2.150668792E0,2.951161298E0,3.000000000E0,-1.000000000E0
3.970970197E2,2.998601601E1,3.144074587E1,3.050674406E2,3.220939963E2,3.318999296E0,5.697064128E1,2.154396200E0,2.925193430E0,3.000000000E0,-1.000000000E0
3.980970246E2,2.998602228E1,3.144078389E1,3.050616117E2,3.220881751E2,3.457451759E0,7.011281434E1,2.158298780E0,2.989818558E0,3.000000000E0,-1.000000000E0
3.990970258E2,2.998602065E1,3.144082437E1,3.048451257E2,3.218717128E2,3.648152832E0,8.288555599E1,2.162378092E0,2.957128044E0,3.000000000E0,-1.000000000E0
4.000970247E2,2.998601053E1,3.144086508E1,3.046717782E2,3.216984050E2,3.827096132E0,9.465486329E1,2.166495383E0,2.909271661E0,3.000000000E0,-1.000000000E0
4.010970229E2,2.998600036E1,3.144090619E1,3.044333955E2,3.214600624E2,3.942404467E0,9.947361416E1,2.170329060E0,2.888407550E0,3.000000000E0,-1.000000000E0
4.020970213E2,2.998599261E1,3.144094497E1,3.043591026E2,3.213858037E2,3.919962203E0,1.004594706E2,2.174196762E0,2.881114921E0,3.000000000E0,-1.000000000E0
4.030970196E2,2.998598720E1,3.144098464E1,3.040956679E2,3.211223994E2,3.877792180E0,9.924744585E1,2.177943205E0,2.920818360E0,3.000000000E0,-1.000000000E0
4.040970186E2,2.998598388E1,3.144102335E1,3.039877645E2,3.210145220E2,3.847246954E0,9.697895649E1,2.181461950E0,2.874777445E0,3.000000000E0,-1.000000000E0
4.050970167E2,2.998598311E1,3.144105988E1,3.039587134E2,3.209854910E2,3.654899093E0,9.455620004E1,2.184909829E0,2.957613109E0,3.000000000E0,-1.000000000E0
4.060970157E2,2.998598428E1,3.144109565E1,3.039040241E2,3.209308178E2,3.496532574E0,9.274084339E1,2.188450187E0,2.943497562E0,3.000000000E0,-1.000000000E0
4.070970140E2,2.998598577E1,3.144113237E1,3.038890846E2,3.209158943E2,3.454339161E0,9.157637710E1,2.192394094E0,2.992392264E0,3.000000000E0,-1.000000000E0
4.080970136E2,2.998598618E1,3.144117332E1,3.037768945E2,3.208037243E2,3.517242561E0,9.115430800E1,2.195991839E0,2.949413998E0,3.000000000E0,-1.000000000E0
4.090970128E2,2.998598578E1,3.144121067E1,3.037368314E2,3.207636811E2,3.534633302E0,9.114472315E1,2.199604373E0,2.901943301E0,3.000000000E0,-1.000000000E0
4.100970112E2,2.998598634E1,3.144124817E1,3.036920860E2,3.207189538E2,3.558734021E0,9.073358114E1,2.203010398E0,2.991167106E0,3.000000000E0,-1.000000000E0
4.110970110E2,2.998598944E1,3.144128336E1,3.035514579E2,3.205783380E2,3.545948171E0,8.912983015E1,2.206077280E0,2.972850481E0,3.000000000E0,-1.000000000E0
4.120970095E2,2.998599346E1,3.144131486E1,3.035579385E2,3.205848271E2,3.516985842E0,8.784632459E1,2.209413900E0,3.009649446E0,3.000000000E0,-1.000000000E0
4.130970089E2,2.998599607E1,3.144134937E1,3.035228319E2,3.205497333E2,3.528348818E0,8.837705628E1,2.212710836E0,3.011194083E0,3.000000000E0,-1.000000000E0
4.140970081E2,2.998599826E1,3.144138351E1,3.036545118E2,3.206814266E2,3.690237215E0,8.966076326E1,2.216429868E0,3.061761783E0,3.000000000E0,-1.000000000E0
4.150970070E2,2.998599740E1,3.144142211E1,3.035628684E2,3.205898045E2,3.805055307E0,9.084126957E1,2.220252331E0,3.129073482E0,3.000000000E0,-1.000000000E0
4.160970062E2,2.998600337E1,3.144146120E1,3.035361364E2,3.205630813E2,3.840289212E0,8.995377020E1,2.224063010E0,3.144386266E0,3.000000000E0,-1.000000000E0
4.170970062E2,2.998600850E1,3.144150032E1,3.035630272E2,3.205899825E2,3.773609219E0,8.893859922E1,2.227467656E0,3.208425762E0,3.000000000E0,-1.000000000E0
4.180970054E2,2.998601344E1,3.144153521E1,3.035930964E2,3.206200603E2,3.548949301E0,8.782355652E1,2.230925511E0,3.248295669E0,3.000000000E0,-1.000000000E0
4.190970048E2,2.998602373E1,3.144156908E1,3.035525911E2,3.205795531E2,3.385483491E0,8.564513573E1,2.234140182E0,3.414869703E0,3.000000000E0,-1.000000000E0
4.200970036E2,2.998602460E1,3.144160245E1,3.035645931E2,3.205915705E2,3.320846361E0,8.665650211E1,2.237320634E0,3.422247551E0,3.000000000E0,-1.000000000E0
4.210970038E2,2.998602173E1,3.144163530E1,3.034668517E2,3.204938512E2,3.401100270E0,8.851231509E1,2.240835794E0,3.431192198E0,3.000000000E0,-1.000000000E0
4.220970024E2,2.998602172E1,3.144167180E1,3.034241139E2,3.204511322E2,3.530293709E0,8.940552682E1,2.244524911E0,3.485342732E0,3.000000000E0,-1.000000000E0
4.230970023E2,2.998602455E1,3.144170996E1,3.034294047E2,3.204564372E2,3.589137074E0,8.908113323E1,2.248142363E0,3.906161106E0,3.000000000E0,-1.000000000E0
4.240970021E2,2.998602942E1,3.144174710E1,3.034866184E2,3.205136608E2,3.634082647E0,8.804719232E1,2.251878742E0,3.977040826E0,3.000000000E0,-1.000000000E0
4.250970007E2,2.998603536E1,3.144178528E1,3.034265174E2,3.204535682E2,3.590234912E0,8.553353627E1,2.255624422E0,3.936483765E0,3.000000000E0,-1.000000000E0
4.260970007E2,2.998604146E1,3.144182353E1,3.033586885E2,3.203857474E2,3.529770694E0,8.310330036E1,2.259012312E0,3.892976879E0,3.000000000E0,-1.000000000E0
4.270969995E2,2.998604664E1,3.144185820E1,3.033142503E2,3.203413172E2,3.441107416E0,8.207307235E1,2.262456356E0,4.130555055E0,3.000000000E0,-1.000000000E0
4.280969998E2,2.998604448E1,3.144189387E1,3.032188612E2,3.202459504E2,3.163990862E0,8.314389225E1,2.264992568E0,4.155098691E0,3.000000000E0,-1.000000000E0
4.290969987E2,2.998604789E1,3.144191991E1,3.033076006E2,3.203346967E2,2.735851467E0,8.366028966E1,2.267335831E0,4.072382148E0,3.000000000E0,-1.000000000E0
4.300969990E2,2.998605023E1,3.144194409E1,3.031855529E2,3.202126571E2,2.397077861E0,8.323003108E1,2.269621749E0,4.116199254E0,3.000000000E0,-1.000000000E0
4.310969988E2,2.998605637E1,3.144196674E1,3.032298778E2,3.202569821E2,2.255829070E0,7.983630610E1,2.271739249E0,4.152879476E0,3.000000000E0,-1.000000000E0
4.320969981E2,2.998606549E1,3.144198604E1,3.032192625E2,3.202463596E2,2.162334934E0,7.390821939E1,2.274362204E0,4.120729269E0,3.000000000E0,-1.000000000E0
4.330969976E2,2.998607684E1,3.144200991E1,3.033296458E2,3.203567339E2,2.595800403E0,6.680588582E1,2.277819341E0,4.149847307E0,3.000000000E0,-1.000000000E0
4.340969977E2,2.998609858E1,3.144203557E1,3.033732308E2,3.204002914E2,3.094094621E0,5.763390295E1,2.281396474E0,4.042354947E0,3.000000000E0,-1.000000000E0
4.350969973E2,2.998612749E1,3.144205187E1,3.034309366E2,3.204579515E2,3.309840829E0,4.247906794E1,2.284812498E0,4.000432551E0,3.000000000E0,-1.000000000E0
4.360969968E2,2.998615711E1,3.144206129E1,3.033430450E2,3.203700094E2,3.318339138E0,2.987395131E1,2.287872955E0,4.094221547E0,3.000000000E0,-1.000000000E0
4.370969955E2,2.998618402E1,3.144206796E1,3.033538051E2,3.203807226E2,3.251894117E0,2.344596843E1,2.290905897E0,4.069059305E0,3.000000000E0,-1.000000000E0
4.380969955E2,2.998621007E1,3.144207730E1,3.035255266E2,3.205524002E2,3.202624450E0,1.949703986E1,2.294072260E0,3.965606334E0,3.000000000E0,-1.000000000E0
4.390969956E2,2.998623768E1,3.144208534E1,3.035827819E2,3.206096081E2,3.284821150E0,1.750410555E1,2.297834053E0,3.990958231E0,3.000000000E0,-1.000000000E0
4.400969945E2,2.998627062E1,3.144209420E1,3.035826281E2,3.206093973E2,3.366225617E0,1.596287036E1,2.300843973E0,3.961027042E0,3.000000000E0,-1.000000000E0
4.410969948E2,2.998629651E1,3.144210334E1,3.036377711E2,3.206644966E2,3.347706580E0,1.573857860E1,2.304463372E0,4.047751565E0,3.000000000E0,-1.000000000E0
4.420969942E2,2.998632820E1,3.144211191E1,3.036224012E2,3.206490719E2,3.430552198E0,1.517136422E1,2.308160476E0,3.964065103E0,3.000000000E0,-1.000000000E0
4.430969939E2,2.998636075E1,3.144211975E1,3.036753503E2,3.207019641E2,3.470895586E0,1.510403714E1,2.311435268E0,4.010655580E0,3.000000000E0,-1.000000000E0
4.440969943E2,2.998638892E1,3.144212966E1,3.038041204E2,3.208306866E2,3.462841944E0,1.617365680E1,2.314918321E0,4.024438919E0,3.000000000E0,-1.000000000E0
4.450969936E2,2.998641888E1,3.144214022E1,3.038997579E2,3.209262737E2,3.500401396E0,1.748707276E1,2.318339808E0,4.066849586E0,3.000000000E0,-1.000000000E0
4.460969931E2,2.998644641E1,3.144215610E1,3.039246641E2,3.209511365E2,3.538530443E0,1.925563884E1,2.321556459E0,3.963507111E0,3.000000000E0,-1.000000000E0
4.470969925E2,2.998647278E1,3.144216982E1,3.040060719E2,3.210325021E2,3.534089463E0,2.070989234E1,2.325320668E0,4.012560429E0,3.000000000E0,-1.000000000E0
4.480969929E2,2.998650477E1,3.144218262E1,3.042319193E2,3.212582962E2,3.554760048E0,2.238191933E1,2.328530786E0,3.991884513E0,3.000000000E0,-1.000000000E0
4.490969921E2,2.998653162E1,3.144219485E1,3.043932135E2,3.214195466E2,3.430481193E0,2.490315745E1,2.331923509E0,3.915479371E0,3.000000000E0,-1.000000000E0
4.500969917E2,2.998655721E1,3.144221404E1,3.044030319E2,3.214293269E2,3.378858721E0,2.825777331E1,2.335421809E0,3.819705409E0,3.000000000E0,-1.000000000E0
4.510969924E2,2.998658013E1,3.144223892E1,3.045569672E2,3.215832321E2,3.305993808E0,3.187381483E1,2.338674127E0,3.812341290E0,3.000000000E0,-1.000000000E0
4.520969914E2,2.998659784E1,3.144226579E1,3.046011471E2,3.216273927E2,3.293424445E0,3.615331832E1,2.342086902E0,3.788513880E0,3.000000000E0,-1.000000000E0
4.530969915E2,2.998661957E1,3.144229082E1,3.046861725E2,3.217123903E2,3.429687462E0,4.171035372E1,2.345626506E0,3.816262838E0,3.000000000E0,-1.000000000E0
4.540969909E2,2.998663837E1,3.144232047E1,3.048467688E2,3.218729666E2,3.491483024E0,4.617055117E1,2.349258408E0,3.726174453E0,3.000000000E0,-1.000000000E0
4.550969907E2,2.998665553E1,3.144235256E1,3.049021579E2,3.219283401E2,3.511361995E0,4.968804239E1,2.352638035E0,3.814546188E0,3.000000000E0,-1.000000000E0
4.560969938E2,2.998667054E1,3.144238308E1,3.050912099E2,3.221173796E2,3.419174195E0,5.336078826E1,2.355925808E0,3.723818877E0,3.000000000E0,-1.000000000E0
4.570969979E2,2.998668379E1,3.144241359E1,3.050512811E2,3.220774417E2,3.325232918E0,5.473128224E1,2.359383080E0,3.679525696E0,3.000000000E0,-1.000000000E0
4.580970008E2,2.998669858E1,3.144244517E1,3.050150334E2,3.220411825E2,3.310119013E0,5.526262608E1,2.362521886E0,3.601416141E0,3.000000000E0,-1.000000000E0
4.590970037E2,2.998671343E1,3.144247289E1,3.049816468E2,3.220077823E2,3.326656829E0,5.506424618E1,2.366123683E0,3.580333331E0,3.000000000E0,-1.000000000E0
4.600970068E2,2.998673114E1,3.144250420E1,3.049183276E2,3.219444462E2,3.326576194E0,5.446743859E1,2.369312856E0,3.559020413E0,3.000000000E0,-1.000000000E0
4.610970086E2,2.998674907E1,3.144253004E1,3.049129669E2,3.219390651E2,3.158051222E0,5.376020384E1,2.372132871E0,3.481069390E0,3.000000000E0,-1.000000000E0
4.620970114E2,2.998676589E1,3.144255196E1,3.048369121E2,3.218629901E2,2.874933026E0,5.295331505E1,2.374334961E0,3.435655946E0,3.000000000E0,-1.000000000E0
4.630970135E2,2.998677803E1,3.144257002E1,3.046820852E2,3.217081498E2,2.469956745E0,5.247396302E1,2.376272828E0,3.363873148E0,3.000000000E0,-1.000000000E0
4.640970154E2,2.998678785E1,3.144258664E1,3.045800476E2,3.216061024E2,2.049184305E0,5.210993866E1,2.377509557E0,3.371344524E0,3.000000000E0,-1.000000000E0
4.650970172E2,2.998679525E1,3.144259624E1,3.045515117E2,3.215775575E2,1.444269160E0,5.083321417E1,2.378626563E0,3.302777294E0,3.000000000E0,-1.000000000E0
4.660970190E2,2.998680311E1,3.144260345E1,3.044253242E2,3.214513590E2,1.225006323E0,5.055612768E1,2.379554126E0,3.237638427E0,3.000000000E0,-1.000000000E0
4.670970200E2,2.998680955E1,3.144260957E1,3.043601659E2,3.213861919E2,8.389127616E-1,5.055613075E1,2.380424994E0,3.175756505E0,3.000000000E0,-1.000000000E0
4.680970216E2,2.998681564E1,3.144261526E1,3.042652193E2,3.212912367E2,8.632667415E-1,5.055613360E1,2.381421754E0,3.116968680E0,3.000000000E0,-1.000000000E0
4.690970236E2,2.998682231E1,3.144262218E1,3.041896904E2,3.212156989E2,8.393438579E-1,5.055613706E1,2.382605284E0,3.061120247E0,3.000000000E0,-1.000000000E0
4.700970242E2,2.998682851E1,3.144263217E1,3.040676400E2,3.210936420E2,1.271198338E0,5.055614205E1,2.384716758E0,3.008064238E0,3.000000000E0,-1.000000000E0
4.710970261E2,2.998684608E1,3.144264046E1,3.041779802E2,3.212039537E2,1.740991957E0,5.055614624E1,2.386711561E0,3.008030179E0,3.000000000E0,-1.000000000E0
4.720970267E2,2.998686402E1,3.144263999E1,3.042619067E2,3.212878464E2,1.512384944E0,5.055614607E1,2.388401404E0,3.002309773E0,3.000000000E0,-1.000000000E0
4.730970281E2,2.998687848E1,3.144263459E1,3.044012127E2,3.214271227E2,1.198517578E0,5.055614343E1,2.389909195E0,2.952194284E0,3.000000000E0,-1.000000000E0
4.740970286E2,2.998688775E1,3.144262317E1,3.044093497E2,3.214352365E2,8.542694753E-1,5.055613778E1,2.391045078E0,3.008125303E0,3.000000000E0,-1.000000000E0
4.750970294E2,2.998689512E1,3.144261499E1,3.044799538E2,3.215058227E2,4.527634899E-1,5.055613373E1,"",3.005793858E0,3.000000000E0,-1.000000000E0