_id,carId,latitude,longitude,altitude,speed,date,timestamp,__v
681c63b388f8be683b97c7cc,67f99df356e86a8f862ba7e3,29.9868561,31.4415709,322.5,2.16,2025-08-05T07:56:36.000Z,2025-05-08T07:56:35.336Z,0
681c63b488f8be683b97c7d0,67f99df356e86a8f862ba7e3,29.9868544,31.4415682,322.5,1.41,2025-08-05T07:56:37.000Z,2025-05-08T07:56:36.360Z,0
681c63b588f8be683b97c7d4,67f99df356e86a8f862ba7e3,29.9868639,31.4415716,322.5,2.13,2025-08-05T07:56:38.000Z,2025-05-08T07:56:37.363Z,0
681c63b688f8be683b97c7d8,67f99df356e86a8f862ba7e3,29.9869164,31.441584,329.6000061035156,6.43,2025-08-05T07:56:39.000Z,2025-05-08T07:56:38.331Z,0
681c63b788f8be683b97c7dc,67f99df356e86a8f862ba7e3,29.9869714,31.4415963,329.6000061035156,3.06,2025-08-05T07:56:40.000Z,2025-05-08T07:56:39.324Z,0
681c63b888f8be683b97c7e0,67f99df356e86a8f862ba7e3,29.9870056,31.441596,329.6000061035156,1.46,2025-08-05T07:56:41.000Z,2025-05-08T07:56:40.338Z,0
681c63b988f8be683b97c7e4,67f99df356e86a8f862ba7e3,29.9870535,31.4416034,329.6000061035156,1.64,2025-08-05T07:56:42.000Z,2025-05-08T07:56:41.394Z,0
681c63ba88f8be683b97c7e8,67f99df356e86a8f862ba7e3,29.9870618,31.4416157,329.6000061035156,5.14,2025-08-05T07:56:43.000Z,2025-05-08T07:56:42.545Z,0
681c63bb88f8be683b97c7ec,67f99df356e86a8f862ba7e3,29.9870622,31.4416273,330.20001220703125,4.16,2025-08-05T07:56:44.000Z,2025-05-08T07:56:43.415Z,0
681c63bc88f8be683b97c7f0,67f99df356e86a8f862ba7e3,29.9870874,31.4416432,330.20001220703125,5.97,2025-08-05T07:56:45.000Z,2025-05-08T07:56:44.333Z,0
681c63bd88f8be683b97c7f4,67f99df356e86a8f862ba7e3,29.9871093,31.4416347,330.20001220703125,5.72,2025-08-05T07:56:46.000Z,2025-05-08T07:56:45.335Z,0
681c63be88f8be683b97c7f8,67f99df356e86a8f862ba7e3,29.9871256,31.4416337,330.20001220703125,5.92,2025-08-05T07:56:47.000Z,2025-05-08T07:56:46.392Z,0
681c63bf88f8be683b97c7fc,67f99df356e86a8f862ba7e3,29.9871397,31.4416428,330.20001220703125,6.16,2025-08-05T07:56:48.000Z,2025-05-08T07:56:47.358Z,0
681c63c088f8be683b97c800,67f99df356e86a8f862ba7e3,29.987142,31.4416509,330.20001220703125,6.04,2025-08-05T07:56:49.000Z,2025-05-08T07:56:48.400Z,0
681c63c188f8be683b97c804,67f99df356e86a8f862ba7e3,29.9871397,31.4416549,330.20001220703125,2.99,2025-08-05T07:56:50.000Z,2025-05-08T07:56:49.490Z,0
681c63c288f8be683b97c808,67f99df356e86a8f862ba7e3,29.9871396,31.4416632,330.20001220703125,3.91,2025-08-05T07:56:51.000Z,2025-05-08T07:56:50.533Z,0
681c63c388f8be683b97c80c,67f99df356e86a8f862ba7e3,29.9871375,31.4416724,330.20001220703125,3.22,2025-08-05T07:56:52.000Z,2025-05-08T07:56:51.384Z,0
681c63c488f8be683b97c810,67f99df356e86a8f862ba7e3,29.9871353,31.4416776,330.20001220703125,1.9,2025-08-05T07:56:53.000Z,2025-05-08T07:56:52.325Z,0
681c63c588f8be683b97c814,67f99df356e86a8f862ba7e3,29.9871367,31.4416823,322,3.08,2025-08-05T07:56:54.000Z,2025-05-08T07:56:53.329Z,0
681c63c688f8be683b97c818,67f99df356e86a8f862ba7e3,29.9871394,31.4416888,322,3.09,2025-08-05T07:56:55.000Z,2025-05-08T07:56:54.332Z,0
681c63c788f8be683b97c81c,67f99df356e86a8f862ba7e3,29.9871361,31.4416971,322,2.78,2025-08-05T07:56:56.000Z,2025-05-08T07:56:55.368Z,0
681c63c888f8be683b97c820,67f99df356e86a8f862ba7e3,29.9871323,31.4417058,322,2.91,2025-08-05T07:56:57.000Z,2025-05-08T07:56:56.369Z,0
681c63c988f8be683b97c824,67f99df356e86a8f862ba7e3,29.9871316,31.4417151,322,4.05,2025-08-05T07:56:58.000Z,2025-05-08T07:56:57.320Z,0
681c63ca88f8be683b97c828,67f99df356e86a8f862ba7e3,29.9871344,31.4417243,322,3.36,2025-08-05T07:56:59.000Z,2025-05-08T07:56:58.316Z,0
681c63cb88f8be683b97c82c,67f99df356e86a8f862ba7e3,29.9871393,31.4417331,322,4.2,2025-08-05T07:57:00.000Z,2025-05-08T07:56:59.320Z,0
681c63cc88f8be683b97c830,67f99df356e86a8f862ba7e3,29.9871441,31.4417396,322,1.71,2025-08-05T07:57:01.000Z,2025-05-08T07:57:00.311Z,0
681c63cd88f8be683b97c836,67f99df356e86a8f862ba7e3,29.9871475,31.4417412,322,1.76,2025-08-05T07:57:03.000Z,2025-05-08T07:57:01.546Z,0
681c63ce88f8be683b97c83a,67f99df356e86a8f862ba7e3,29.9871512,31.4417458,322,3.27,2025-08-05T07:57:03.000Z,2025-05-08T07:57:02.295Z,0
681c63cf88f8be683b97c83e,67f99df356e86a8f862ba7e3,29.9871538,31.441748,322,3.2,2025-08-05T07:57:04.000Z,2025-05-08T07:57:03.340Z,0
681c63d088f8be683b97c842,67f99df356e86a8f862ba7e3,29.9871555,31.4417471,322,1.49,2025-08-05T07:57:05.000Z,2025-05-08T07:57:04.315Z,0
681c63d188f8be683b97c846,67f99df356e86a8f862ba7e3,29.987156,31.4417467,322,0.57,2025-08-05T07:57:06.000Z,2025-05-08T07:57:05.375Z,0
681c63d288f8be683b97c84a,67f99df356e86a8f862ba7e3,29.9871565,31.4417469,322,0.33,2025-08-05T07:57:07.000Z,2025-05-08T07:57:06.354Z,0
681c63d388f8be683b97c84e,67f99df356e86a8f862ba7e3,29.9871571,31.4417472,322,0.28,2025-08-05T07:57:08.000Z,2025-05-08T07:57:07.307Z,0
681c63d488f8be683b97c852,67f99df356e86a8f862ba7e3,29.9871642,31.4417633,322,3.46,2025-08-05T07:57:09.000Z,2025-05-08T07:57:08.494Z,0
681c63d588f8be683b97c856,67f99df356e86a8f862ba7e3,29.9871679,31.4417818,322,4.22,2025-08-05T07:57:10.000Z,2025-05-08T07:57:09.350Z,0
681c63d688f8be683b97c85a,67f99df356e86a8f862ba7e3,29.9871682,31.4417942,322,0.87,2025-08-05T07:57:11.000Z,2025-05-08T07:57:10.327Z,0
681c63d788f8be683b97c85e,67f99df356e86a8f862ba7e3,29.9871706,31.4418006,322,2.5,2025-08-05T07:57:12.000Z,2025-05-08T07:57:11.381Z,0
681c63d888f8be683b97c862,67f99df356e86a8f862ba7e3,29.9871798,31.4418087,322,3.33,2025-08-05T07:57:13.000Z,2025-05-08T07:57:12.451Z,0
681c63d988f8be683b97c866,67f99df356e86a8f862ba7e3,29.9871895,31.4418121,322,1.27,2025-08-05T07:57:14.000Z,2025-05-08T07:57:13.326Z,0
681c63da88f8be683b97c86a,67f99df356e86a8f862ba7e3,29.9871972,31.4418123,322,2.59,2025-08-05T07:57:15.000Z,2025-05-08T07:57:14.316Z,0
681c63db88f8be683b97c86e,67f99df356e86a8f862ba7e3,29.9872036,31.4418114,322,1.7,2025-08-05T07:57:16.000Z,2025-05-08T07:57:15.351Z,0
681c63dc88f8be683b97c872,67f99df356e86a8f862ba7e3,29.9872055,31.441813,322,1.69,2025-08-05T07:57:17.000Z,2025-05-08T07:57:16.364Z,0
681c63dd88f8be683b97c876,67f99df356e86a8f862ba7e3,29.9872053,31.441813,322,0.81,2025-08-05T07:57:18.000Z,2025-05-08T07:57:17.324Z,0
681c63de88f8be683b97c87a,67f99df356e86a8f862ba7e3,29.987205,31.4418117,322,0.27,2025-08-05T07:57:19.000Z,2025-05-08T07:57:18.322Z,0
681c63df88f8be683b97c87e,67f99df356e86a8f862ba7e3,29.9872096,31.4418078,322,2.48,2025-08-05T07:57:20.000Z,2025-05-08T07:57:19.304Z,0
681c63e088f8be683b97c882,67f99df356e86a8f862ba7e3,29.9872149,31.4418029,322,1.91,2025-08-05T07:57:21.000Z,2025-05-08T07:57:20.318Z,0
681c63e188f8be683b97c886,67f99df356e86a8f862ba7e3,29.9872198,31.4417966,322,3.05,2025-08-05T07:57:22.000Z,2025-05-08T07:57:21.361Z,0
681c63e288f8be683b97c88a,67f99df356e86a8f862ba7e3,29.9872235,31.4417879,322,2.95,2025-08-05T07:57:23.000Z,2025-05-08T07:57:22.333Z,0
681c63e388f8be683b97c88e,67f99df356e86a8f862ba7e3,29.9872266,31.441774,335.9000244140625,5.85,2025-08-05T07:57:24.000Z,2025-05-08T07:57:23.321Z,0
681c63e488f8be683b97c892,67f99df356e86a8f862ba7e3,29.9872278,31.4417591,335.9000244140625,3.03,2025-08-05T07:57:25.000Z,2025-05-08T07:57:24.382Z,0
681c63e588f8be683b97c896,67f99df356e86a8f862ba7e3,29.9872241,31.4417517,335.9000244140625,3.31,2025-08-05T07:57:26.000Z,2025-05-08T07:57:25.335Z,0
681c63e688f8be683b97c89a,67f99df356e86a8f862ba7e3,29.9872157,31.4417462,335.9000244140625,3.74,2025-08-05T07:57:27.000Z,2025-05-08T07:57:26.413Z,0
681c63e788f8be683b97c89e,67f99df356e86a8f862ba7e3,29.9872068,31.4417429,335.9000244140625,2.22,2025-08-05T07:57:28.000Z,2025-05-08T07:57:27.311Z,0
681c63e888f8be683b97c8a2,67f99df356e86a8f862ba7e3,29.9872008,31.4417425,335.9000244140625,1.84,2025-08-05T07:57:29.000Z,2025-05-08T07:57:28.323Z,0
681c63e988f8be683b97c8a6,67f99df356e86a8f862ba7e3,29.9871992,31.4417405,335.9000244140625,1.23,2025-08-05T07:57:30.000Z,2025-05-08T07:57:29.331Z,0
681c63ea88f8be683b97c8aa,67f99df356e86a8f862ba7e3,29.9871994,31.4417354,335.9000244140625,2.26,2025-08-05T07:57:31.000Z,2025-05-08T07:57:30.313Z,0
681c63eb88f8be683b97c8ae,67f99df356e86a8f862ba7e3,29.9871979,31.4417278,335.9000244140625,3.48,2025-08-05T07:57:32.000Z,2025-05-08T07:57:31.433Z,0
681c63ec88f8be683b97c8b2,67f99df356e86a8f862ba7e3,29.9871979,31.4417212,335.9000244140625,1.61,2025-08-05T07:57:33.000Z,2025-05-08T07:57:32.348Z,0
681c63ed88f8be683b97c8b6,67f99df356e86a8f862ba7e3,29.9872004,31.4417166,329,1.91,2025-08-05T07:57:34.000Z,2025-05-08T07:57:33.311Z,0
681c63ee88f8be683b97c8ba,67f99df356e86a8f862ba7e3,29.9872048,31.4417077,330,3.58,2025-08-05T07:57:35.000Z,2025-05-08T07:57:34.314Z,0
681c63ef88f8be683b97c8be,67f99df356e86a8f862ba7e3,29.9872082,31.441695,330,3.67,2025-08-05T07:57:36.000Z,2025-05-08T07:57:35.361Z,0
681c63f088f8be683b97c8c2,67f99df356e86a8f862ba7e3,29.9872106,31.4416837,330,3.29,2025-08-05T07:57:37.000Z,2025-05-08T07:57:36.407Z,0
681c63f188f8be683b97c8c6,67f99df356e86a8f862ba7e3,29.9872145,31.4416735,329,2.57,2025-08-05T07:57:38.000Z,2025-05-08T07:57:37.374Z,0
681c63f288f8be683b97c8ca,67f99df356e86a8f862ba7e3,29.987216,31.4416642,330.20001220703125,3.23,2025-08-05T07:57:39.000Z,2025-05-08T07:57:38.366Z,0
681c63f388f8be683b97c8ce,67f99df356e86a8f862ba7e3,29.9872188,31.4416601,330.20001220703125,3.21,2025-08-05T07:57:40.000Z,2025-05-08T07:57:39.502Z,0
681c63f488f8be683b97c8d2,67f99df356e86a8f862ba7e3,29.9872215,31.4416608,330.20001220703125,1.49,2025-08-05T07:57:41.000Z,2025-05-08T07:57:40.340Z,0
681c63f588f8be683b97c8d6,67f99df356e86a8f862ba7e3,29.9872233,31.4416616,330.20001220703125,0.67,2025-08-05T07:57:42.000Z,2025-05-08T07:57:41.516Z,0
681c63f688f8be683b97c8da,67f99df356e86a8f862ba7e3,29.9872241,31.4416622,330.20001220703125,0.41,2025-08-05T07:57:43.000Z,2025-05-08T07:57:42.308Z,0
681c63f788f8be683b97c8de,67f99df356e86a8f862ba7e3,29.9872248,31.4416627,328,0.34,2025-08-05T07:57:44.000Z,2025-05-08T07:57:43.355Z,0
681c63f888f8be683b97c8e2,67f99df356e86a8f862ba7e3,29.9872249,31.441663,328,0.17,2025-08-05T07:57:45.000Z,2025-05-08T07:57:44.354Z,0
681c63f988f8be683b97c8e6,67f99df356e86a8f862ba7e3,29.987225,31.4416626,328,0.1,2025-08-05T07:57:46.000Z,2025-05-08T07:57:45.292Z,0
681c63fa88f8be683b97c8ea,67f99df356e86a8f862ba7e3,29.9872249,31.4416624,328,0.06,2025-08-05T07:57:47.000Z,2025-05-08T07:57:46.417Z,0
681c63fb88f8be683b97c8ee,67f99df356e86a8f862ba7e3,29.9872245,31.4416627,335.9000244140625,0.09,2025-08-05T07:57:48.000Z,2025-05-08T07:57:47.412Z,0
681c63fc88f8be683b97c8f2,67f99df356e86a8f862ba7e3,29.9872243,31.4416632,330.20001220703125,0.15,2025-08-05T07:57:49.000Z,2025-05-08T07:57:48.368Z,0
681c63fd88f8be683b97c8f6,67f99df356e86a8f862ba7e3,29.9872238,31.4416628,330.20001220703125,0.15,2025-08-05T07:57:50.000Z,2025-05-08T07:57:49.395Z,0
681c63fe88f8be683b97c8fa,67f99df356e86a8f862ba7e3,29.9872238,31.4416624,330.20001220703125,0.12,2025-08-05T07:57:51.000Z,2025-05-08T07:57:50.326Z,0
681c63ff88f8be683b97c8fe,67f99df356e86a8f862ba7e3,29.9872238,31.4416618,330.20001220703125,0.17,2025-08-05T07:57:52.000Z,2025-05-08T07:57:51.523Z,0
681c640088f8be683b97c902,67f99df356e86a8f862ba7e3,29.987224,31.4416615,330.20001220703125,0.14,2025-08-05T07:57:53.000Z,2025-05-08T07:57:52.379Z,0
681c640188f8be683b97c906,67f99df356e86a8f862ba7e3,29.9872244,31.4416614,330.20001220703125,0.13,2025-08-05T07:57:54.000Z,2025-05-08T07:57:53.369Z,0
681c640288f8be683b97c90a,67f99df356e86a8f862ba7e3,29.9872239,31.4416613,330.20001220703125,0.08,2025-08-05T07:57:55.000Z,2025-05-08T07:57:54.303Z,0
681c640388f8be683b97c90e,67f99df356e86a8f862ba7e3,29.9872234,31.4416616,330.20001220703125,0.16,2025-08-05T07:57:56.000Z,2025-05-08T07:57:55.393Z,0
681c640488f8be683b97c912,67f99df356e86a8f862ba7e3,29.9872232,31.4416623,330.20001220703125,0.2,2025-08-05T07:57:57.000Z,2025-05-08T07:57:56.469Z,0
681c640588f8be683b97c916,67f99df356e86a8f862ba7e3,29.9872236,31.4416623,330.20001220703125,0.1,2025-08-05T07:57:58.000Z,2025-05-08T07:57:57.478Z,0
681c640688f8be683b97c91a,67f99df356e86a8f862ba7e3,29.9872234,31.4416629,330.20001220703125,0.15,2025-08-05T07:57:59.000Z,2025-05-08T07:57:58.408Z,0
681c640788f8be683b97c91e,67f99df356e86a8f862ba7e3,29.9872233,31.4416637,330.20001220703125,0.23,2025-08-05T07:58:00.000Z,2025-05-08T07:57:59.319Z,0
681c640888f8be683b97c922,67f99df356e86a8f862ba7e3,29.9872232,31.4416643,330.20001220703125,0.22,2025-08-05T07:58:01.000Z,2025-05-08T07:58:00.302Z,0
681c640988f8be683b97c926,67f99df356e86a8f862ba7e3,29.9872233,31.4416646,330.20001220703125,0.15,2025-08-05T07:58:02.000Z,2025-05-08T07:58:01.399Z,0
681c640a88f8be683b97c92a,67f99df356e86a8f862ba7e3,29.9872234,31.4416647,330.20001220703125,0.09,2025-08-05T07:58:03.000Z,2025-05-08T07:58:02.363Z,0
681c640b88f8be683b97c92e,67f99df356e86a8f862ba7e3,29.9872225,31.4416622,330.20001220703125,0.46,2025-08-05T07:58:04.000Z,2025-05-08T07:58:03.348Z,0
681c640c88f8be683b97c932,67f99df356e86a8f862ba7e3,29.9872253,31.4416581,330.20001220703125,1.11,2025-08-05T07:58:05.000Z,2025-05-08T07:58:04.337Z,0
681c640d88f8be683b97c936,67f99df356e86a8f862ba7e3,29.9872263,31.4416597,330.20001220703125,0.46,2025-08-05T07:58:06.000Z,2025-05-08T07:58:05.330Z,0
681c640e88f8be683b97c93a,67f99df356e86a8f862ba7e3,29.9872252,31.4416625,330.20001220703125,0.58,2025-08-05T07:58:07.000Z,2025-05-08T07:58:06.392Z,0
681c640f88f8be683b97c93e,67f99df356e86a8f862ba7e3,29.9872233,31.4416649,330.20001220703125,0.88,2025-08-05T07:58:08.000Z,2025-05-08T07:58:07.381Z,0
681c641088f8be683b97c942,67f99df356e86a8f862ba7e3,29.9872215,31.4416675,333.20001220703125,1.03,2025-08-05T07:58:09.000Z,2025-05-08T07:58:08.415Z,0
681c641188f8be683b97c946,67f99df356e86a8f862ba7e3,29.9872202,31.4416706,333.20001220703125,1.14,2025-08-05T07:58:10.000Z,2025-05-08T07:58:09.362Z,0
681c641288f8be683b97c94a,67f99df356e86a8f862ba7e3,29.9872222,31.4416711,333.20001220703125,0.64,2025-08-05T07:58:11.000Z,2025-05-08T07:58:10.326Z,0
681c641388f8be683b97c94e,67f99df356e86a8f862ba7e3,29.9872247,31.4416705,333.20001220703125,0.63,2025-08-05T07:58:12.000Z,2025-05-08T07:58:11.478Z,0
681c641488f8be683b97c952,67f99df356e86a8f862ba7e3,29.987227,31.441671,333.20001220703125,0.46,2025-08-05T07:58:13.000Z,2025-05-08T07:58:12.467Z,0
681c641588f8be683b97c956,67f99df356e86a8f862ba7e3,29.9872269,31.4416726,326.6000061035156,0.28,2025-08-05T07:58:14.000Z,2025-05-08T07:58:13.330Z,0
681c641688f8be683b97c95a,67f99df356e86a8f862ba7e3,29.9872258,31.4416741,326.6000061035156,0.45,2025-08-05T07:58:15.000Z,2025-05-08T07:58:14.342Z,0
681c641788f8be683b97c95e,67f99df356e86a8f862ba7e3,29.9872257,31.4416745,326.6000061035156,0.28,2025-08-05T07:58:16.000Z,2025-05-08T07:58:15.571Z,0
681c641888f8be683b97c962,67f99df356e86a8f862ba7e3,29.9872248,31.4416752,326.6000061035156,0.34,2025-08-05T07:58:17.000Z,2025-05-08T07:58:16.700Z,0
681c641988f8be683b97c966,67f99df356e86a8f862ba7e3,29.9872236,31.441674,326.6000061035156,0.42,2025-08-05T07:58:18.000Z,2025-05-08T07:58:17.369Z,0
681c641a88f8be683b97c96a,67f99df356e86a8f862ba7e3,29.987223,31.4416695,330.20001220703125,1.97,2025-08-05T07:58:19.000Z,2025-05-08T07:58:18.334Z,0
681c641b88f8be683b97c96e,67f99df356e86a8f862ba7e3,29.9872205,31.441666,330.20001220703125,1.96,2025-08-05T07:58:20.000Z,2025-05-08T07:58:19.326Z,0
681c641c88f8be683b97c972,67f99df356e86a8f862ba7e3,29.9872175,31.4416647,330.20001220703125,1.22,2025-08-05T07:58:21.000Z,2025-05-08T07:58:20.373Z,0
681c641d88f8be683b97c976,67f99df356e86a8f862ba7e3,29.987216,31.4416652,330.20001220703125,0.61,2025-08-05T07:58:22.000Z,2025-05-08T07:58:21.409Z,0
681c641e88f8be683b97c97a,67f99df356e86a8f862ba7e3,29.9872167,31.4416666,330.20001220703125,0.15,2025-08-05T07:58:23.000Z,2025-05-08T07:58:22.530Z,0
681c641f88f8be683b97c97e,67f99df356e86a8f862ba7e3,29.987219,31.4416694,330.20001220703125,0.84,2025-08-05T07:58:24.000Z,2025-05-08T07:58:23.362Z,0
681c642088f8be683b97c982,67f99df356e86a8f862ba7e3,29.9872207,31.4416712,330.20001220703125,0.87,2025-08-05T07:58:25.000Z,2025-05-08T07:58:24.338Z,0
681c642188f8be683b97c986,67f99df356e86a8f862ba7e3,29.9872219,31.4416728,330.20001220703125,1.7,2025-08-05T07:58:26.000Z,2025-05-08T07:58:25.394Z,0
681c642288f8be683b97c98a,67f99df356e86a8f862ba7e3,29.9872233,31.4416736,330.20001220703125,1.66,2025-08-05T07:58:27.000Z,2025-05-08T07:58:26.392Z,0
681c642388f8be683b97c98e,67f99df356e86a8f862ba7e3,29.9872233,31.441676,330.20001220703125,0.45,2025-08-05T07:58:28.000Z,2025-05-08T07:58:27.387Z,0
681c642488f8be683b97c992,67f99df356e86a8f862ba7e3,29.9872212,31.4416795,330.20001220703125,0.78,2025-08-05T07:58:29.000Z,2025-05-08T07:58:28.372Z,0
681c642588f8be683b97c996,67f99df356e86a8f862ba7e3,29.9872191,31.441685,330.20001220703125,1.57,2025-08-05T07:58:30.000Z,2025-05-08T07:58:29.374Z,0
681c642688f8be683b97c99a,67f99df356e86a8f862ba7e3,29.9872166,31.4416883,330.20001220703125,1.51,2025-08-05T07:58:31.000Z,2025-05-08T07:58:30.335Z,0
681c642788f8be683b97c99e,67f99df356e86a8f862ba7e3,29.9872152,31.441691,330.20001220703125,1.24,2025-08-05T07:58:33.000Z,2025-05-08T07:58:31.587Z,0
681c642888f8be683b97c9a2,67f99df356e86a8f862ba7e3,29.9872138,31.4416926,330.20001220703125,0.97,2025-08-05T07:58:33.000Z,2025-05-08T07:58:32.364Z,0
681c642988f8be683b97c9a6,67f99df356e86a8f862ba7e3,29.9872124,31.441694,330.20001220703125,0.82,2025-08-05T07:58:34.000Z,2025-05-08T07:58:33.317Z,0
681c642a88f8be683b97c9aa,67f99df356e86a8f862ba7e3,29.9872118,31.4416955,330.20001220703125,0.67,2025-08-05T07:58:35.000Z,2025-05-08T07:58:34.328Z,0
681c642b88f8be683b97c9ae,67f99df356e86a8f862ba7e3,29.9872134,31.4416967,330.20001220703125,0.53,2025-08-05T07:58:36.000Z,2025-05-08T07:58:35.475Z,0
681c642c88f8be683b97c9b2,67f99df356e86a8f862ba7e3,29.9872144,31.4416961,330.20001220703125,0.33,2025-08-05T07:58:38.000Z,2025-05-08T07:58:36.449Z,0
681c642d88f8be683b97c9b6,67f99df356e86a8f862ba7e3,29.9872144,31.4416882,330.20001220703125,2.9,2025-08-05T07:58:38.000Z,2025-05-08T07:58:37.339Z,0
681c642e88f8be683b97c9ba,67f99df356e86a8f862ba7e3,29.9872161,31.4416755,326.6000061035156,3.34,2025-08-05T07:58:39.000Z,2025-05-08T07:58:38.340Z,0
681c642f88f8be683b97c9be,67f99df356e86a8f862ba7e3,29.9872192,31.4416641,326.6000061035156,2.39,2025-08-05T07:58:40.000Z,2025-05-08T07:58:39.430Z,0
681c643088f8be683b97c9c2,67f99df356e86a8f862ba7e3,29.9872214,31.4416556,326.6000061035156,1.67,2025-08-05T07:58:41.000Z,2025-05-08T07:58:40.373Z,0
681c643188f8be683b97c9c6,67f99df356e86a8f862ba7e3,29.9872238,31.4416463,326.6000061035156,2.76,2025-08-05T07:58:43.000Z,2025-05-08T07:58:41.573Z,0
681c643288f8be683b97c9ca,67f99df356e86a8f862ba7e3,29.9872251,31.4416355,326.6000061035156,2.42,2025-08-05T07:58:43.000Z,2025-05-08T07:58:42.364Z,0
681c643388f8be683b97c9ce,67f99df356e86a8f862ba7e3,29.9872259,31.441624,326.6000061035156,3.37,2025-08-05T07:58:44.000Z,2025-05-08T07:58:43.516Z,0
681c643488f8be683b97c9d2,67f99df356e86a8f862ba7e3,29.9872266,31.4416097,326.6000061035156,3.85,2025-08-05T07:58:45.000Z,2025-05-08T07:58:44.549Z,0
681c643588f8be683b97c9d6,67f99df356e86a8f862ba7e3,29.9872277,31.441594,326.6000061035156,4.1,2025-08-05T07:58:46.000Z,2025-05-08T07:58:45.332Z,0
681c643688f8be683b97c9da,67f99df356e86a8f862ba7e3,29.9872296,31.4415826,326.6000061035156,1.58,2025-08-05T07:58:47.000Z,2025-05-08T07:58:46.410Z,0
681c643788f8be683b97c9de,67f99df356e86a8f862ba7e3,29.9872287,31.4415741,326.6000061035156,3.42,2025-08-05T07:58:48.000Z,2025-05-08T07:58:47.467Z,0
681c643888f8be683b97c9e2,67f99df356e86a8f862ba7e3,29.987227,31.4415627,326.6000061035156,3.07,2025-08-05T07:58:49.000Z,2025-05-08T07:58:48.329Z,0
681c643988f8be683b97c9e6,67f99df356e86a8f862ba7e3,29.9872239,31.4415534,326.6000061035156,3.38,2025-08-05T07:58:50.000Z,2025-05-08T07:58:49.399Z,0
681c643a88f8be683b97c9ea,67f99df356e86a8f862ba7e3,29.9872216,31.4415436,326.6000061035156,3.06,2025-08-05T07:58:51.000Z,2025-05-08T07:58:50.367Z,0
681c643b88f8be683b97c9ee,67f99df356e86a8f862ba7e3,29.9872217,31.4415358,326.6000061035156,1.86,2025-08-05T07:58:53.000Z,2025-05-08T07:58:51.417Z,0
681c643c88f8be683b97c9f2,67f99df356e86a8f862ba7e3,29.9872247,31.441528,326.6000061035156,2.79,2025-08-05T07:58:53.000Z,2025-05-08T07:58:52.391Z,0
681c643d88f8be683b97c9f6,67f99df356e86a8f862ba7e3,29.9872275,31.4415189,326.6000061035156,2.67,2025-08-05T07:58:54.000Z,2025-05-08T07:58:53.341Z,0
681c643e88f8be683b97c9fa,67f99df356e86a8f862ba7e3,29.987229,31.4415084,326.6000061035156,3.48,2025-08-05T07:58:55.000Z,2025-05-08T07:58:54.370Z,0
681c643f88f8be683b97c9fe,67f99df356e86a8f862ba7e3,29.9872299,31.4414976,326.6000061035156,2.89,2025-08-05T07:58:56.000Z,2025-05-08T07:58:55.545Z,0
681c644088f8be683b97ca02,67f99df356e86a8f862ba7e3,29.9872331,31.4414916,326.6000061035156,0.89,2025-08-05T07:58:58.000Z,2025-05-08T07:58:56.686Z,0
681c644188f8be683b97ca06,67f99df356e86a8f862ba7e3,29.9872358,31.4414891,326.6000061035156,1.89,2025-08-05T07:58:58.000Z,2025-05-08T07:58:57.500Z,0
681c644288f8be683b97ca0a,67f99df356e86a8f862ba7e3,29.9872405,31.44149,330.20001220703125,1.87,2025-08-05T07:58:59.000Z,2025-05-08T07:58:58.335Z,0
681c644388f8be683b97ca0e,67f99df356e86a8f862ba7e3,29.9872451,31.4414936,330.20001220703125,0.73,2025-08-05T07:59:00.000Z,2025-05-08T07:58:59.334Z,0
681c644488f8be683b97ca12,67f99df356e86a8f862ba7e3,29.9872484,31.4414966,330.20001220703125,1.18,2025-08-05T07:59:01.000Z,2025-05-08T07:59:00.343Z,0
681c644588f8be683b97ca16,67f99df356e86a8f862ba7e3,29.9872505,31.4414997,330.20001220703125,1.27,2025-08-05T07:59:02.000Z,2025-05-08T07:59:01.429Z,0
681c644688f8be683b97ca1a,67f99df356e86a8f862ba7e3,29.9872523,31.4415029,330.20001220703125,1.28,2025-08-05T07:59:03.000Z,2025-05-08T07:59:02.321Z,0
681c644788f8be683b97ca1e,67f99df356e86a8f862ba7e3,29.9872538,31.4415054,330.20001220703125,1.17,2025-08-05T07:59:04.000Z,2025-05-08T07:59:03.489Z,0
681c644888f8be683b97ca22,67f99df356e86a8f862ba7e3,29.9872578,31.4415054,326.6000061035156,1.97,2025-08-05T07:59:05.000Z,2025-05-08T07:59:04.300Z,0
681c644988f8be683b97ca26,67f99df356e86a8f862ba7e3,29.9872647,31.4415038,326.6000061035156,3.01,2025-08-05T07:59:06.000Z,2025-05-08T07:59:05.336Z,0
681c644a88f8be683b97ca2a,67f99df356e86a8f862ba7e3,29.9872716,31.4415006,326.6000061035156,2.24,2025-08-05T07:59:08.000Z,2025-05-08T07:59:06.437Z,0
681c644b88f8be683b97ca2e,67f99df356e86a8f862ba7e3,29.9872762,31.4414955,326.6000061035156,2.37,2025-08-05T07:59:08.000Z,2025-05-08T07:59:07.592Z,0
681c644c88f8be683b97ca32,67f99df356e86a8f862ba7e3,29.9872785,31.4414873,326.6000061035156,2.38,2025-08-05T07:59:09.000Z,2025-05-08T07:59:08.339Z,0
681c644d88f8be683b97ca36,67f99df356e86a8f862ba7e3,29.9872788,31.4414772,326.6000061035156,2.77,2025-08-05T07:59:10.000Z,2025-05-08T07:59:09.357Z,0
681c644e88f8be683b97ca3a,67f99df356e86a8f862ba7e3,29.9872808,31.4414667,326.6000061035156,2.77,2025-08-05T07:59:11.000Z,2025-05-08T07:59:10.400Z,0
681c644f88f8be683b97ca3e,67f99df356e86a8f862ba7e3,29.9872831,31.4414587,326.6000061035156,1.06,2025-08-05T07:59:13.000Z,2025-05-08T07:59:11.546Z,0
681c645088f8be683b97ca42,67f99df356e86a8f862ba7e3,29.9872828,31.4414521,326.6000061035156,2.9,2025-08-05T07:59:13.000Z,2025-05-08T07:59:12.498Z,0
681c645188f8be683b97ca46,67f99df356e86a8f862ba7e3,29.9872833,31.4414416,326.6000061035156,3.17,2025-08-05T07:59:14.000Z,2025-05-08T07:59:13.338Z,0
681c645288f8be683b97ca4a,67f99df356e86a8f862ba7e3,29.9872825,31.4414289,326.6000061035156,3.62,2025-08-05T07:59:15.000Z,2025-05-08T07:59:14.377Z,0
681c645388f8be683b97ca4e,67f99df356e86a8f862ba7e3,29.9872807,31.4414168,326.6000061035156,2.93,2025-08-05T07:59:16.000Z,2025-05-08T07:59:15.526Z,0
681c645488f8be683b97ca52,67f99df356e86a8f862ba7e3,29.9872793,31.4414059,326.6000061035156,2.81,2025-08-05T07:59:18.000Z,2025-05-08T07:59:16.501Z,0
681c645588f8be683b97ca56,67f99df356e86a8f862ba7e3,29.9872766,31.4413953,326.6000061035156,2.84,2025-08-05T07:59:18.000Z,2025-05-08T07:59:17.379Z,0
681c645688f8be683b97ca5a,67f99df356e86a8f862ba7e3,29.9872726,31.4413839,326.6000061035156,3.55,2025-08-05T07:59:19.000Z,2025-05-08T07:59:18.365Z,0
681c645788f8be683b97ca5e,67f99df356e86a8f862ba7e3,29.987269,31.4413708,326.6000061035156,3.78,2025-08-05T07:59:20.000Z,2025-05-08T07:59:19.404Z,0
681c645888f8be683b97ca62,67f99df356e86a8f862ba7e3,29.9872662,31.4413591,326.6000061035156,2.86,2025-08-05T07:59:21.000Z,2025-05-08T07:59:20.389Z,0
681c645988f8be683b97ca66,67f99df356e86a8f862ba7e3,29.9872646,31.4413497,326.6000061035156,2.77,2025-08-05T07:59:23.000Z,2025-05-08T07:59:21.515Z,0
681c645a88f8be683b97ca6a,67f99df356e86a8f862ba7e3,29.9872622,31.4413396,326.6000061035156,3.38,2025-08-05T07:59:23.000Z,2025-05-08T07:59:22.417Z,0
681c645b88f8be683b97ca6e,67f99df356e86a8f862ba7e3,29.9872598,31.4413279,326.6000061035156,3.91,2025-08-05T07:59:24.000Z,2025-05-08T07:59:23.559Z,0
681c645c88f8be683b97ca72,67f99df356e86a8f862ba7e3,29.9872564,31.4413158,331,4.28,2025-08-05T07:59:25.000Z,2025-05-08T07:59:24.379Z,0
681c645d88f8be683b97ca76,67f99df356e86a8f862ba7e3,29.987253,31.4413052,331,3.19,2025-08-05T07:59:26.000Z,2025-05-08T07:59:25.393Z,0
681c645e88f8be683b97ca7a,67f99df356e86a8f862ba7e3,29.9872495,31.4412981,331,2.67,2025-08-05T07:59:27.000Z,2025-05-08T07:59:26.411Z,0
681c645f88f8be683b97ca7e,67f99df356e86a8f862ba7e3,29.9872481,31.4412911,331,3.2,2025-08-05T07:59:28.000Z,2025-05-08T07:59:27.559Z,0
681c646088f8be683b97ca82,67f99df356e86a8f862ba7e3,29.9872475,31.4412826,331,3.1,2025-08-05T07:59:29.000Z,2025-05-08T07:59:28.357Z,0
681c646188f8be683b97ca86,67f99df356e86a8f862ba7e3,29.9872479,31.4412769,332,1.53,2025-08-05T07:59:30.000Z,2025-05-08T07:59:29.323Z,0
681c646288f8be683b97ca8a,67f99df356e86a8f862ba7e3,29.9872471,31.4412763,331,1.51,2025-08-05T07:59:31.000Z,2025-05-08T07:59:30.386Z,0
681c646388f8be683b97ca8e,67f99df356e86a8f862ba7e3,29.9872453,31.4412811,331,0.15,2025-08-05T07:59:33.000Z,2025-05-08T07:59:31.651Z,0
681c646488f8be683b97ca92,67f99df356e86a8f862ba7e3,29.9872452,31.4412849,331,0.82,2025-08-05T07:59:33.000Z,2025-05-08T07:59:32.425Z,0
681c646588f8be683b97ca96,67f99df356e86a8f862ba7e3,29.9872461,31.4412868,332,0.77,2025-08-05T07:59:34.000Z,2025-05-08T07:59:33.349Z,0
681c646688f8be683b97ca9a,67f99df356e86a8f862ba7e3,29.9872472,31.4412887,332,0.77,2025-08-05T07:59:35.000Z,2025-05-08T07:59:34.339Z,0
681c646788f8be683b97ca9e,67f99df356e86a8f862ba7e3,29.9872487,31.4412859,331,1.9,2025-08-05T07:59:36.000Z,2025-05-08T07:59:35.368Z,0
681c646888f8be683b97caa2,67f99df356e86a8f862ba7e3,29.9872505,31.441279,331,2.76,2025-08-05T07:59:38.000Z,2025-05-08T07:59:36.458Z,0
681c646988f8be683b97caa6,67f99df356e86a8f862ba7e3,29.9872509,31.4412699,332,3.02,2025-08-05T07:59:38.000Z,2025-05-08T07:59:37.351Z,0
681c646a88f8be683b97caaa,67f99df356e86a8f862ba7e3,29.9872505,31.4412603,332,2.74,2025-08-05T07:59:39.000Z,2025-05-08T07:59:38.372Z,0
681c646b88f8be683b97caae,67f99df356e86a8f862ba7e3,29.987248,31.4412506,332,2.88,2025-08-05T07:59:40.000Z,2025-05-08T07:59:39.362Z,0
681c646c88f8be683b97cab2,67f99df356e86a8f862ba7e3,29.987245,31.4412432,332,1.89,2025-08-05T07:59:41.000Z,2025-05-08T07:59:40.381Z,0
681c646d88f8be683b97cab6,67f99df356e86a8f862ba7e3,29.9872412,31.4412357,332,3.08,2025-08-05T07:59:43.000Z,2025-05-08T07:59:41.796Z,0
681c646e88f8be683b97caba,67f99df356e86a8f862ba7e3,29.9872382,31.4412297,332,0.82,2025-08-05T07:59:43.000Z,2025-05-08T07:59:42.331Z,0
681c646f88f8be683b97cabe,67f99df356e86a8f862ba7e3,29.9872352,31.441229,331,1.36,2025-08-05T07:59:44.000Z,2025-05-08T07:59:43.381Z,0
681c647088f8be683b97cac2,67f99df356e86a8f862ba7e3,29.9872325,31.4412293,331,0.66,2025-08-05T07:59:45.000Z,2025-05-08T07:59:44.328Z,0
681c647188f8be683b97cac6,67f99df356e86a8f862ba7e3,29.9872295,31.4412342,331,1.63,2025-08-05T07:59:46.000Z,2025-05-08T07:59:45.426Z,0
681c647288f8be683b97caca,67f99df356e86a8f862ba7e3,29.9872287,31.4412437,332,2.51,2025-08-05T07:59:48.000Z,2025-05-08T07:59:46.431Z,0
681c647388f8be683b97cace,67f99df356e86a8f862ba7e3,29.9872286,31.4412544,331,2.48,2025-08-05T07:59:48.000Z,2025-05-08T07:59:47.350Z,0
681c647488f8be683b97cad2,67f99df356e86a8f862ba7e3,29.9872281,31.4412618,331,1.35,2025-08-05T07:59:49.000Z,2025-05-08T07:59:48.420Z,0
681c647588f8be683b97cad6,67f99df356e86a8f862ba7e3,29.9872275,31.4412645,331,1.34,2025-08-05T07:59:50.000Z,2025-05-08T07:59:49.379Z,0
681c647688f8be683b97cada,67f99df356e86a8f862ba7e3,29.9872269,31.4412709,330,2.69,2025-08-05T07:59:51.000Z,2025-05-08T07:59:50.385Z,0
681c647788f8be683b97cade,67f99df356e86a8f862ba7e3,29.9872247,31.4412804,331,2.88,2025-08-05T07:59:53.000Z,2025-05-08T07:59:51.516Z,0
681c647888f8be683b97cae2,67f99df356e86a8f862ba7e3,29.9872214,31.4412874,330,1.32,2025-08-05T07:59:53.000Z,2025-05-08T07:59:52.345Z,0
681c647988f8be683b97cae6,67f99df356e86a8f862ba7e3,29.9872168,31.4412925,330,2.51,2025-08-05T07:59:54.000Z,2025-05-08T07:59:53.361Z,0
681c647a88f8be683b97caea,67f99df356e86a8f862ba7e3,29.9872107,31.4412988,330,2.27,2025-08-05T07:59:55.000Z,2025-05-08T07:59:54.421Z,0
681c647b88f8be683b97caee,67f99df356e86a8f862ba7e3,29.987207,31.4413048,330,1.62,2025-08-05T07:59:56.000Z,2025-05-08T07:59:55.355Z,0
681c647c88f8be683b97caf2,67f99df356e86a8f862ba7e3,29.9872062,31.4413102,330,0.87,2025-08-05T07:59:58.000Z,2025-05-08T07:59:56.452Z,0
681c647d88f8be683b97caf6,67f99df356e86a8f862ba7e3,29.9872061,31.4413151,330,1.08,2025-08-05T07:59:58.000Z,2025-05-08T07:59:57.347Z,0
681c647e88f8be683b97cafa,67f99df356e86a8f862ba7e3,29.9872043,31.4413195,330.20001220703125,1.65,2025-08-05T07:59:59.000Z,2025-05-08T07:59:58.355Z,0
681c647f88f8be683b97cafe,67f99df356e86a8f862ba7e3,29.9872047,31.4413241,330.20001220703125,1.65,2025-08-05T08:00:00.000Z,2025-05-08T07:59:59.361Z,0
681c648088f8be683b97cb02,67f99df356e86a8f862ba7e3,29.9872071,31.4413269,330.20001220703125,1.05,2025-08-05T08:00:01.000Z,2025-05-08T08:00:00.391Z,0
681c648188f8be683b97cb06,67f99df356e86a8f862ba7e3,29.9872076,31.4413288,330.20001220703125,0.58,2025-08-05T08:00:03.000Z,2025-05-08T08:00:01.685Z,0
681c648288f8be683b97cb0a,67f99df356e86a8f862ba7e3,29.9872082,31.4413342,330.20001220703125,2.69,2025-08-05T08:00:03.000Z,2025-05-08T08:00:02.365Z,0
681c648388f8be683b97cb0e,67f99df356e86a8f862ba7e3,29.9872097,31.4413424,330.20001220703125,2.09,2025-08-05T08:00:04.000Z,2025-05-08T08:00:03.353Z,0
681c648488f8be683b97cb12,67f99df356e86a8f862ba7e3,29.987213,31.4413483,330.20001220703125,1.34,2025-08-05T08:00:05.000Z,2025-05-08T08:00:04.354Z,0
681c648588f8be683b97cb16,67f99df356e86a8f862ba7e3,29.9872143,31.4413537,330.20001220703125,1.94,2025-08-05T08:00:06.000Z,2025-05-08T08:00:05.403Z,0
681c648688f8be683b97cb1a,67f99df356e86a8f862ba7e3,29.9872141,31.4413582,330.20001220703125,0.7,2025-08-05T08:00:08.000Z,2025-05-08T08:00:06.490Z,0
681c648788f8be683b97cb1e,67f99df356e86a8f862ba7e3,29.987214,31.4413649,330.20001220703125,3.33,2025-08-05T08:00:08.000Z,2025-05-08T08:00:07.333Z,0
681c648888f8be683b97cb22,67f99df356e86a8f862ba7e3,29.9872142,31.4413788,330.20001220703125,4.78,2025-08-05T08:00:09.000Z,2025-05-08T08:00:08.357Z,0
681c648988f8be683b97cb26,67f99df356e86a8f862ba7e3,29.9872174,31.4413945,330.20001220703125,4.43,2025-08-05T08:00:10.000Z,2025-05-08T08:00:09.424Z,0
681c648a88f8be683b97cb2a,67f99df356e86a8f862ba7e3,29.9872238,31.4414109,330.20001220703125,5.34,2025-08-05T08:00:11.000Z,2025-05-08T08:00:10.437Z,0
681c648b88f8be683b97cb2e,67f99df356e86a8f862ba7e3,29.9872333,31.4414284,330.20001220703125,4.79,2025-08-05T08:00:13.000Z,2025-05-08T08:00:11.483Z,0
681c648c88f8be683b97cb32,67f99df356e86a8f862ba7e3,29.9872414,31.4414449,330.20001220703125,5.25,2025-08-05T08:00:13.000Z,2025-05-08T08:00:12.368Z,0
681c648d88f8be683b97cb36,67f99df356e86a8f862ba7e3,29.9872484,31.4414615,330.20001220703125,4.94,2025-08-05T08:00:14.000Z,2025-05-08T08:00:13.393Z,0
681c648e88f8be683b97cb3a,67f99df356e86a8f862ba7e3,29.9872526,31.4414767,333,4.32,2025-08-05T08:00:15.000Z,2025-05-08T08:00:14.341Z,0
681c648f88f8be683b97cb3e,67f99df356e86a8f862ba7e3,29.9872553,31.4414865,334,1.91,2025-08-05T08:00:16.000Z,2025-05-08T08:00:15.340Z,0
681c649088f8be683b97cb42,67f99df356e86a8f862ba7e3,29.9872576,31.4414941,333,3.37,2025-08-05T08:00:17.000Z,2025-05-08T08:00:16.407Z,0
681c649188f8be683b97cb46,67f99df356e86a8f862ba7e3,29.9872603,31.4415048,333,3.14,2025-08-05T08:00:18.000Z,2025-05-08T08:00:17.393Z,0
681c649288f8be683b97cb4a,67f99df356e86a8f862ba7e3,29.987262,31.4415153,333,3.38,2025-08-05T08:00:19.000Z,2025-05-08T08:00:18.343Z,0
681c649388f8be683b97cb4e,67f99df356e86a8f862ba7e3,29.9872646,31.4415276,330.20001220703125,4.3,2025-08-05T08:00:20.000Z,2025-05-08T08:00:19.331Z,0
681c649488f8be683b97cb52,67f99df356e86a8f862ba7e3,29.9872679,31.4415408,330.20001220703125,4.39,2025-08-05T08:00:21.000Z,2025-05-08T08:00:20.430Z,0
681c649588f8be683b97cb56,67f99df356e86a8f862ba7e3,29.9872712,31.4415524,330.20001220703125,3.97,2025-08-05T08:00:23.000Z,2025-05-08T08:00:21.714Z,0
681c649688f8be683b97cb5a,67f99df356e86a8f862ba7e3,29.9872755,31.4415638,330.20001220703125,4.6,2025-08-05T08:00:23.000Z,2025-05-08T08:00:22.508Z,0
681c649788f8be683b97cb5e,67f99df356e86a8f862ba7e3,29.9872779,31.4415743,330.20001220703125,4.15,2025-08-05T08:00:24.000Z,2025-05-08T08:00:23.341Z,0
681c649888f8be683b97cb62,67f99df356e86a8f862ba7e3,29.9872776,31.4415817,330.20001220703125,3.57,2025-08-05T08:00:25.000Z,2025-05-08T08:00:24.346Z,0
681c649988f8be683b97cb66,67f99df356e86a8f862ba7e3,29.9872759,31.441588,330.20001220703125,3.21,2025-08-05T08:00:26.000Z,2025-05-08T08:00:25.417Z,0
681c649a88f8be683b97cb6a,67f99df356e86a8f862ba7e3,29.987273,31.4415946,330.20001220703125,3.31,2025-08-05T08:00:28.000Z,2025-05-08T08:00:26.559Z,0
681c649b88f8be683b97cb6e,67f99df356e86a8f862ba7e3,29.98727,31.4416016,330.20001220703125,2.99,2025-08-05T08:00:28.000Z,2025-05-08T08:00:27.337Z,0
681c649c88f8be683b97cb72,67f99df356e86a8f862ba7e3,29.9872686,31.4416091,330.20001220703125,3.7,2025-08-05T08:00:29.000Z,2025-05-08T08:00:28.410Z,0
681c649d88f8be683b97cb76,67f99df356e86a8f862ba7e3,29.9872695,31.4416192,330.20001220703125,4.35,2025-08-05T08:00:30.000Z,2025-05-08T08:00:29.544Z,0
681c649e88f8be683b97cb7a,67f99df356e86a8f862ba7e3,29.9872711,31.4416284,330.20001220703125,3.43,2025-08-05T08:00:31.000Z,2025-05-08T08:00:30.437Z,0
681c649f88f8be683b97cb7e,67f99df356e86a8f862ba7e3,29.9872708,31.441634,330.20001220703125,2.31,2025-08-05T08:00:33.000Z,2025-05-08T08:00:31.554Z,0
681c64a088f8be683b97cb82,67f99df356e86a8f862ba7e3,29.9872677,31.4416381,330.20001220703125,3.3,2025-08-05T08:00:33.000Z,2025-05-08T08:00:32.414Z,0
681c64a188f8be683b97cb86,67f99df356e86a8f862ba7e3,29.9872589,31.4416457,330.20001220703125,5.36,2025-08-05T08:00:34.000Z,2025-05-08T08:00:33.502Z,0
681c64a288f8be683b97cb8a,67f99df356e86a8f862ba7e3,29.9872515,31.4416524,330.20001220703125,1.94,2025-08-05T08:00:35.000Z,2025-05-08T08:00:34.423Z,0
681c64a388f8be683b97cb8e,67f99df356e86a8f862ba7e3,29.987248,31.4416526,330.20001220703125,1.3,2025-08-05T08:00:36.000Z,2025-05-08T08:00:35.356Z,0
681c64a488f8be683b97cb92,67f99df356e86a8f862ba7e3,29.9872443,31.4416493,330.20001220703125,1.28,2025-08-05T08:00:38.000Z,2025-05-08T08:00:36.512Z,0
681c64a588f8be683b97cb96,67f99df356e86a8f862ba7e3,29.9872426,31.4416457,330.20001220703125,0.64,2025-08-05T08:00:38.000Z,2025-05-08T08:00:37.502Z,0
681c64a688f8be683b97cb9a,67f99df356e86a8f862ba7e3,29.9872426,31.4416439,330.20001220703125,1.64,2025-08-05T08:00:39.000Z,2025-05-08T08:00:38.420Z,0
681c64a788f8be683b97cb9e,67f99df356e86a8f862ba7e3,29.9872445,31.4416404,330.20001220703125,1.64,2025-08-05T08:00:40.000Z,2025-05-08T08:00:39.327Z,0
681c64a888f8be683b97cba2,67f99df356e86a8f862ba7e3,29.987245,31.4416362,330.20001220703125,1.33,2025-08-05T08:00:41.000Z,2025-05-08T08:00:40.398Z,0
681c64a988f8be683b97cba6,67f99df356e86a8f862ba7e3,29.9872449,31.4416326,330.20001220703125,1.19,2025-08-05T08:00:43.000Z,2025-05-08T08:00:41.556Z,0
681c64aa88f8be683b97cbaa,67f99df356e86a8f862ba7e3,29.9872431,31.4416319,330.20001220703125,0.66,2025-08-05T08:00:43.000Z,2025-05-08T08:00:42.369Z,0
681c64ab88f8be683b97cbae,67f99df356e86a8f862ba7e3,29.9872426,31.4416351,330.20001220703125,2.25,2025-08-05T08:00:44.000Z,2025-05-08T08:00:43.345Z,0
681c64ac88f8be683b97cbb2,67f99df356e86a8f862ba7e3,29.9872441,31.4416405,328,1.8,2025-08-05T08:00:45.000Z,2025-05-08T08:00:44.365Z,0
681c64ad88f8be683b97cbb6,67f99df356e86a8f862ba7e3,29.9872442,31.4416451,328,1.23,2025-08-05T08:00:46.000Z,2025-05-08T08:00:45.630Z,0
681c64ae88f8be683b97cbba,67f99df356e86a8f862ba7e3,29.9872441,31.4416468,328,1.22,2025-08-05T08:00:48.000Z,2025-05-08T08:00:46.526Z,0
681c64af88f8be683b97cbbe,67f99df356e86a8f862ba7e3,29.987244,31.4416473,328,0.57,2025-08-05T08:00:48.000Z,2025-05-08T08:00:47.427Z,0
681c64b088f8be683b97cbc2,67f99df356e86a8f862ba7e3,29.9872449,31.4416467,327,0.49,2025-08-05T08:00:49.000Z,2025-05-08T08:00:48.401Z,0
681c64b188f8be683b97cbc6,67f99df356e86a8f862ba7e3,29.9872489,31.4416431,327,3.09,2025-08-05T08:00:50.000Z,2025-05-08T08:00:49.375Z,0
681c64b288f8be683b97cbca,67f99df356e86a8f862ba7e3,29.9872506,31.441635,327,3.27,2025-08-05T08:00:51.000Z,2025-05-08T08:00:50.355Z,0
681c64b388f8be683b97cbce,67f99df356e86a8f862ba7e3,29.9872493,31.4416229,326,3.17,2025-08-05T08:00:53.000Z,2025-05-08T08:00:51.652Z,0
681c64b488f8be683b97cbd2,67f99df356e86a8f862ba7e3,29.9872476,31.4416106,327,3.81,2025-08-05T08:00:53.000Z,2025-05-08T08:00:52.457Z,0
681c64b588f8be683b97cbd6,67f99df356e86a8f862ba7e3,29.9872483,31.4415974,327,4.1,2025-08-05T08:00:54.000Z,2025-05-08T08:00:53.373Z,0
681c64b688f8be683b97cbda,67f99df356e86a8f862ba7e3,29.9872496,31.4415891,327,1.11,2025-08-05T08:00:55.000Z,2025-05-08T08:00:54.397Z,0
681c64b788f8be683b97cbde,67f99df356e86a8f862ba7e3,29.9872503,31.441585,327,2.08,2025-08-05T08:00:56.000Z,2025-05-08T08:00:55.422Z,0
681c64b888f8be683b97cbe2,67f99df356e86a8f862ba7e3,29.9872518,31.4415779,330.20001220703125,2.44,2025-08-05T08:00:58.000Z,2025-05-08T08:00:56.791Z,0
681c64b988f8be683b97cbe6,67f99df356e86a8f862ba7e3,29.9872529,31.4415707,330.20001220703125,2.2,2025-08-05T08:00:58.000Z,2025-05-08T08:00:57.381Z,0
681c64ba88f8be683b97cbea,67f99df356e86a8f862ba7e3,29.9872526,31.4415639,330.20001220703125,2.37,2025-08-05T08:00:59.000Z,2025-05-08T08:00:58.335Z,0
681c64bb88f8be683b97cbee,67f99df356e86a8f862ba7e3,29.9872511,31.4415562,330.20001220703125,2.69,2025-08-05T08:01:00.000Z,2025-05-08T08:00:59.516Z,0
681c64bc88f8be683b97cbf2,67f99df356e86a8f862ba7e3,29.9872491,31.4415491,330.20001220703125,2.21,2025-08-05T08:01:01.000Z,2025-05-08T08:01:00.447Z,0
681c64bd88f8be683b97cbf6,67f99df356e86a8f862ba7e3,29.9872485,31.4415413,330.20001220703125,2.69,2025-08-05T08:01:03.000Z,2025-05-08T08:01:01.486Z,0
681c64be88f8be683b97cbfa,67f99df356e86a8f862ba7e3,29.9872479,31.4415335,330.20001220703125,2.03,2025-08-05T08:01:03.000Z,2025-05-08T08:01:02.355Z,0
681c64bf88f8be683b97cbfe,67f99df356e86a8f862ba7e3,29.9872477,31.4415268,330.20001220703125,2.12,2025-08-05T08:01:04.000Z,2025-05-08T08:01:03.511Z,0
681c64c088f8be683b97cc02,67f99df356e86a8f862ba7e3,29.9872475,31.4415179,326.6000061035156,3.58,2025-08-05T08:01:05.000Z,2025-05-08T08:01:04.342Z,0
681c64c188f8be683b97cc06,67f99df356e86a8f862ba7e3,29.9872477,31.4415045,326.6000061035156,4.28,2025-08-05T08:01:06.000Z,2025-05-08T08:01:05.339Z,0
681c64c288f8be683b97cc0a,67f99df356e86a8f862ba7e3,29.987247,31.4414916,326.6000061035156,3.93,2025-08-05T08:01:08.000Z,2025-05-08T08:01:06.536Z,0
681c64c388f8be683b97cc0e,67f99df356e86a8f862ba7e3,29.9872456,31.4414824,326.6000061035156,2.94,2025-08-05T08:01:08.000Z,2025-05-08T08:01:07.390Z,0
681c64c488f8be683b97cc12,67f99df356e86a8f862ba7e3,29.9872457,31.4414756,326.6000061035156,2.71,2025-08-05T08:01:09.000Z,2025-05-08T08:01:08.519Z,0
681c64c588f8be683b97cc16,67f99df356e86a8f862ba7e3,29.9872472,31.4414676,330.20001220703125,3.38,2025-08-05T08:01:10.000Z,2025-05-08T08:01:09.330Z,0
681c64c688f8be683b97cc1a,67f99df356e86a8f862ba7e3,29.9872503,31.4414576,330.20001220703125,3.88,2025-08-05T08:01:11.000Z,2025-05-08T08:01:10.336Z,0
681c64c788f8be683b97cc1e,67f99df356e86a8f862ba7e3,29.9872517,31.4414465,330.20001220703125,4.35,2025-08-05T08:01:13.000Z,2025-05-08T08:01:11.697Z,0
681c64c888f8be683b97cc22,67f99df356e86a8f862ba7e3,29.9872527,31.4414377,330.20001220703125,2.87,2025-08-05T08:01:13.000Z,2025-05-08T08:01:12.573Z,0
681c64c988f8be683b97cc26,67f99df356e86a8f862ba7e3,29.9872528,31.4414339,330.20001220703125,1.99,2025-08-05T08:01:14.000Z,2025-05-08T08:01:13.437Z,0
681c64ca88f8be683b97cc2a,67f99df356e86a8f862ba7e3,29.9872523,31.4414309,330.20001220703125,2.26,2025-08-05T08:01:15.000Z,2025-05-08T08:01:14.356Z,0
681c64cb88f8be683b97cc2e,67f99df356e86a8f862ba7e3,29.9872512,31.441424,330.20001220703125,3.73,2025-08-05T08:01:16.000Z,2025-05-08T08:01:15.391Z,0
681c64cc88f8be683b97cc32,67f99df356e86a8f862ba7e3,29.9872459,31.4414133,330.20001220703125,5.87,2025-08-05T08:01:18.000Z,2025-05-08T08:01:16.494Z,0
681c64cd88f8be683b97cc36,67f99df356e86a8f862ba7e3,29.9872418,31.4414016,330.20001220703125,3.95,2025-08-05T08:01:18.000Z,2025-05-08T08:01:17.397Z,0
681c64ce88f8be683b97cc3a,67f99df356e86a8f862ba7e3,29.9872419,31.4413952,330.20001220703125,2.53,2025-08-05T08:01:19.000Z,2025-05-08T08:01:18.453Z,0
681c64cf88f8be683b97cc3e,67f99df356e86a8f862ba7e3,29.9872446,31.4413914,330.20001220703125,1.98,2025-08-05T08:01:20.000Z,2025-05-08T08:01:19.421Z,0
681c64d088f8be683b97cc42,67f99df356e86a8f862ba7e3,29.9872481,31.4413865,330.20001220703125,2.77,2025-08-05T08:01:21.000Z,2025-05-08T08:01:20.347Z,0
681c64d188f8be683b97cc46,67f99df356e86a8f862ba7e3,29.9872519,31.4413782,330.20001220703125,4.02,2025-08-05T08:01:23.000Z,2025-05-08T08:01:21.449Z,0
681c64d288f8be683b97cc4a,67f99df356e86a8f862ba7e3,29.9872558,31.4413674,330.20001220703125,4.31,2025-08-05T08:01:23.000Z,2025-05-08T08:01:22.368Z,0
681c64d488f8be683b97cc50,67f99df356e86a8f862ba7e3,29.9872606,31.4413496,330.20001220703125,2.64,2025-08-05T08:01:25.000Z,2025-05-08T08:01:24.556Z,0
681c64d488f8be683b97cc4e,67f99df356e86a8f862ba7e3,29.9872587,31.4413571,330.20001220703125,3.5,2025-08-05T08:01:24.000Z,2025-05-08T08:01:24.547Z,0
681c64d588f8be683b97cc56,67f99df356e86a8f862ba7e3,29.9872616,31.4413438,330.20001220703125,2.63,2025-08-05T08:01:26.000Z,2025-05-08T08:01:25.369Z,0
681c64d688f8be683b97cc5a,67f99df356e86a8f862ba7e3,29.9872619,31.4413382,330.20001220703125,2.59,2025-08-05T08:01:28.000Z,2025-05-08T08:01:26.443Z,0
681c64d788f8be683b97cc5e,67f99df356e86a8f862ba7e3,29.9872608,31.4413303,330.20001220703125,4.12,2025-08-05T08:01:28.000Z,2025-05-08T08:01:27.370Z,0
681c64d888f8be683b97cc62,67f99df356e86a8f862ba7e3,29.9872591,31.4413198,330.20001220703125,4.18,2025-08-05T08:01:29.000Z,2025-05-08T08:01:28.421Z,0
681c64d988f8be683b97cc66,67f99df356e86a8f862ba7e3,29.9872566,31.44131,330.20001220703125,3.89,2025-08-05T08:01:30.000Z,2025-05-08T08:01:29.344Z,0
681c64da88f8be683b97cc6a,67f99df356e86a8f862ba7e3,29.9872551,31.4413014,330.20001220703125,3.36,2025-08-05T08:01:31.000Z,2025-05-08T08:01:30.348Z,0
681c64db88f8be683b97cc6e,67f99df356e86a8f862ba7e3,29.9872527,31.4412932,330.20001220703125,3.67,2025-08-05T08:01:33.000Z,2025-05-08T08:01:31.480Z,0
681c64dc88f8be683b97cc72,67f99df356e86a8f862ba7e3,29.9872504,31.4412853,330.20001220703125,2.82,2025-08-05T08:01:33.000Z,2025-05-08T08:01:32.383Z,0
681c64dd88f8be683b97cc76,67f99df356e86a8f862ba7e3,29.9872487,31.4412778,330.20001220703125,3.55,2025-08-05T08:01:34.000Z,2025-05-08T08:01:33.324Z,0
681c64de88f8be683b97cc7a,67f99df356e86a8f862ba7e3,29.9872473,31.4412673,330.20001220703125,4.13,2025-08-05T08:01:35.000Z,2025-05-08T08:01:34.394Z,0
681c64df88f8be683b97cc7e,67f99df356e86a8f862ba7e3,29.987245,31.4412558,330.20001220703125,3.93,2025-08-05T08:01:36.000Z,2025-05-08T08:01:35.415Z,0
681c64e088f8be683b97cc82,67f99df356e86a8f862ba7e3,29.9872425,31.4412445,330.20001220703125,4.14,2025-08-05T08:01:38.000Z,2025-05-08T08:01:36.890Z,0
681c64e188f8be683b97cc86,67f99df356e86a8f862ba7e3,29.9872394,31.4412338,330.20001220703125,3.43,2025-08-05T08:01:38.000Z,2025-05-08T08:01:37.616Z,0
681c64e288f8be683b97cc8a,67f99df356e86a8f862ba7e3,29.9872389,31.4412247,330.20001220703125,3.1,2025-08-05T08:01:39.000Z,2025-05-08T08:01:38.379Z,0
681c64e388f8be683b97cc8e,67f99df356e86a8f862ba7e3,29.9872402,31.4412165,330.20001220703125,3.13,2025-08-05T08:01:40.000Z,2025-05-08T08:01:39.357Z,0
681c64e488f8be683b97cc92,67f99df356e86a8f862ba7e3,29.9872421,31.4412076,330.20001220703125,3.52,2025-08-05T08:01:41.000Z,2025-05-08T08:01:40.564Z,0
681c64e588f8be683b97cc96,67f99df356e86a8f862ba7e3,29.9872441,31.4411971,330.20001220703125,4.38,2025-08-05T08:01:43.000Z,2025-05-08T08:01:41.695Z,0
681c64e688f8be683b97cc9a,67f99df356e86a8f862ba7e3,29.9872459,31.4411855,330.20001220703125,3.97,2025-08-05T08:01:43.000Z,2025-05-08T08:01:42.489Z,0
681c64e788f8be683b97cc9e,67f99df356e86a8f862ba7e3,29.9872474,31.4411743,330.20001220703125,4.14,2025-08-05T08:01:44.000Z,2025-05-08T08:01:43.360Z,0
681c64e888f8be683b97cca2,67f99df356e86a8f862ba7e3,29.9872484,31.4411649,325.3000183105469,2.47,2025-08-05T08:01:45.000Z,2025-05-08T08:01:44.322Z,0
681c64e988f8be683b97cca6,67f99df356e86a8f862ba7e3,29.9872475,31.4411591,325.3000183105469,2.16,2025-08-05T08:01:46.000Z,2025-05-08T08:01:45.527Z,0
681c64ea88f8be683b97ccaa,67f99df356e86a8f862ba7e3,29.9872464,31.4411516,325.3000183105469,3.44,2025-08-05T08:01:48.000Z,2025-05-08T08:01:46.613Z,0
681c64eb88f8be683b97ccae,67f99df356e86a8f862ba7e3,29.9872461,31.4411412,325.3000183105469,3.92,2025-08-05T08:01:48.000Z,2025-05-08T08:01:47.399Z,0
681c64ec88f8be683b97ccb2,67f99df356e86a8f862ba7e3,29.9872465,31.4411303,325.3000183105469,4.07,2025-08-05T08:01:49.000Z,2025-05-08T08:01:48.336Z,0
681c64ed88f8be683b97ccb6,67f99df356e86a8f862ba7e3,29.9872472,31.4411183,325.3000183105469,4.42,2025-08-05T08:01:50.000Z,2025-05-08T08:01:49.334Z,0
681c64ee88f8be683b97ccba,67f99df356e86a8f862ba7e3,29.9872475,31.4411077,325.3000183105469,3.11,2025-08-05T08:01:51.000Z,2025-05-08T08:01:50.419Z,0
681c64ef88f8be683b97ccbe,67f99df356e86a8f862ba7e3,29.9872476,31.4411013,325.3000183105469,1.82,2025-08-05T08:01:53.000Z,2025-05-08T08:01:51.441Z,0
681c64f088f8be683b97ccc2,67f99df356e86a8f862ba7e3,29.9872476,31.4410958,325.3000183105469,2.44,2025-08-05T08:01:53.000Z,2025-05-08T08:01:52.411Z,0
681c64f188f8be683b97ccc6,67f99df356e86a8f862ba7e3,29.9872465,31.4410868,325.3000183105469,3.44,2025-08-05T08:01:54.000Z,2025-05-08T08:01:53.382Z,0
681c64f288f8be683b97ccca,67f99df356e86a8f862ba7e3,29.9872456,31.4410756,325.3000183105469,3.56,2025-08-05T08:01:55.000Z,2025-05-08T08:01:54.535Z,0
681c64f388f8be683b97ccce,67f99df356e86a8f862ba7e3,29.9872463,31.4410611,325.3000183105469,5.63,2025-08-05T08:01:56.000Z,2025-05-08T08:01:55.409Z,0
681c64f488f8be683b97ccd2,67f99df356e86a8f862ba7e3,29.9872456,31.4410447,325.3000183105469,4.27,2025-08-05T08:01:58.000Z,2025-05-08T08:01:56.502Z,0
681c64f588f8be683b97ccd6,67f99df356e86a8f862ba7e3,29.9872441,31.4410346,325.3000183105469,2.4,2025-08-05T08:01:58.000Z,2025-05-08T08:01:57.651Z,0
681c64f688f8be683b97ccda,67f99df356e86a8f862ba7e3,29.9872415,31.4410296,325.3000183105469,1.13,2025-08-05T08:01:59.000Z,2025-05-08T08:01:58.609Z,0
681c64f788f8be683b97ccde,67f99df356e86a8f862ba7e3,29.9872383,31.4410271,325.3000183105469,1.26,2025-08-05T08:02:00.000Z,2025-05-08T08:01:59.431Z,0
681c64f888f8be683b97cce2,67f99df356e86a8f862ba7e3,29.9872355,31.4410197,325.3000183105469,3.35,2025-08-05T08:02:01.000Z,2025-05-08T08:02:00.342Z,0
681c64f988f8be683b97cce6,67f99df356e86a8f862ba7e3,29.9872326,31.4410076,325.3000183105469,3.7,2025-08-05T08:02:03.000Z,2025-05-08T08:02:01.607Z,0
681c64fa88f8be683b97ccea,67f99df356e86a8f862ba7e3,29.9872294,31.440996,325.3000183105469,3.42,2025-08-05T08:02:03.000Z,2025-05-08T08:02:02.601Z,0
681c64fb88f8be683b97ccee,67f99df356e86a8f862ba7e3,29.9872261,31.4409843,325.3000183105469,3.7,2025-08-05T08:02:04.000Z,2025-05-08T08:02:03.380Z,0
681c64fc88f8be683b97ccf2,67f99df356e86a8f862ba7e3,29.9872244,31.4409718,325.3000183105469,3.74,2025-08-05T08:02:05.000Z,2025-05-08T08:02:04.367Z,0
681c64fd88f8be683b97ccf6,67f99df356e86a8f862ba7e3,29.9872241,31.4409616,325.3000183105469,2.86,2025-08-05T08:02:06.000Z,2025-05-08T08:02:05.355Z,0
681c64fe88f8be683b97ccfa,67f99df356e86a8f862ba7e3,29.9872244,31.4409531,325.3000183105469,3.12,2025-08-05T08:02:08.000Z,2025-05-08T08:02:06.528Z,0
681c64ff88f8be683b97ccfe,67f99df356e86a8f862ba7e3,29.9872281,31.4409424,325.3000183105469,4.57,2025-08-05T08:02:08.000Z,2025-05-08T08:02:07.396Z,0
681c650088f8be683b97cd02,67f99df356e86a8f862ba7e3,29.9872305,31.4409298,325.3000183105469,3.76,2025-08-05T08:02:09.000Z,2025-05-08T08:02:08.341Z,0
681c650188f8be683b97cd06,67f99df356e86a8f862ba7e3,29.9872308,31.4409191,325.3000183105469,3.46,2025-08-05T08:02:10.000Z,2025-05-08T08:02:09.359Z,0
681c650288f8be683b97cd0a,67f99df356e86a8f862ba7e3,29.9872307,31.4409081,325.3000183105469,3.95,2025-08-05T08:02:11.000Z,2025-05-08T08:02:10.358Z,0
681c650388f8be683b97cd0e,67f99df356e86a8f862ba7e3,29.9872308,31.4408985,325.3000183105469,2.47,2025-08-05T08:02:13.000Z,2025-05-08T08:02:11.447Z,0
681c650488f8be683b97cd12,67f99df356e86a8f862ba7e3,29.9872315,31.4408903,325.3000183105469,3.02,2025-08-05T08:02:13.000Z,2025-05-08T08:02:12.375Z,0
681c650588f8be683b97cd16,67f99df356e86a8f862ba7e3,29.9872322,31.4408808,325.3000183105469,3.27,2025-08-05T08:02:14.000Z,2025-05-08T08:02:13.540Z,0
681c650688f8be683b97cd1a,67f99df356e86a8f862ba7e3,29.9872322,31.4408703,325.3000183105469,3.7,2025-08-05T08:02:15.000Z,2025-05-08T08:02:14.359Z,0
681c650788f8be683b97cd1e,67f99df356e86a8f862ba7e3,29.9872324,31.4408616,325.3000183105469,3.19,2025-08-05T08:02:16.000Z,2025-05-08T08:02:15.161Z,0
681c650788f8be683b97cd22,67f99df356e86a8f862ba7e3,29.9872327,31.4408545,325.3000183105469,3.42,2025-08-05T08:02:17.000Z,2025-05-08T08:02:15.779Z,0
681c650888f8be683b97cd26,67f99df356e86a8f862ba7e3,29.9872341,31.4408486,325.3000183105469,3.21,2025-08-05T08:02:18.000Z,2025-05-08T08:02:16.439Z,0
681c650988f8be683b97cd2a,67f99df356e86a8f862ba7e3,29.9872328,31.4408398,325.3000183105469,3.48,2025-08-05T08:02:18.000Z,2025-05-08T08:02:17.024Z,0
681c650988f8be683b97cd2e,67f99df356e86a8f862ba7e3,29.9872298,31.4408341,325.3000183105469,2.99,2025-08-05T08:02:19.000Z,2025-05-08T08:02:17.521Z,0
681c650a88f8be683b97cd32,67f99df356e86a8f862ba7e3,29.9872269,31.4408259,325.3000183105469,2.89,2025-08-05T08:02:19.000Z,2025-05-08T08:02:18.366Z,0
681c650b88f8be683b97cd36,67f99df356e86a8f862ba7e3,29.9872256,31.4408209,325.3000183105469,2.96,2025-08-05T08:02:20.000Z,2025-05-08T08:02:19.173Z,0
681c650c88f8be683b97cd3a,67f99df356e86a8f862ba7e3,29.987222,31.4408076,325.3000183105469,3.14,2025-08-05T08:02:21.000Z,2025-05-08T08:02:20.006Z,0
681c650c88f8be683b97cd3e,67f99df356e86a8f862ba7e3,29.98722,31.4408002,325.3000183105469,3.53,2025-08-05T08:02:22.000Z,2025-05-08T08:02:20.608Z,0
681c650d88f8be683b97cd42,67f99df356e86a8f862ba7e3,29.9872198,31.440794,325.3000183105469,3.39,2025-08-05T08:02:22.000Z,2025-05-08T08:02:21.456Z,0
681c650d88f8be683b97cd46,67f99df356e86a8f862ba7e3,29.9872172,31.4407871,325.3000183105469,3.45,2025-08-05T08:02:23.000Z,2025-05-08T08:02:21.907Z,0
681c650e88f8be683b97cd4a,67f99df356e86a8f862ba7e3,29.9872168,31.4407814,325.3000183105469,3.44,2025-08-05T08:02:23.000Z,2025-05-08T08:02:22.245Z,0
681c650e88f8be683b97cd4e,67f99df356e86a8f862ba7e3,29.987214,31.4407721,325.3000183105469,3.55,2025-08-05T08:02:24.000Z,2025-05-08T08:02:22.990Z,0
681c650f88f8be683b97cd52,67f99df356e86a8f862ba7e3,29.987213,31.440767,325.3000183105469,3.31,2025-08-05T08:02:25.000Z,2025-05-08T08:02:23.576Z,0
681c651088f8be683b97cd56,67f99df356e86a8f862ba7e3,29.987213,31.4407653,327.9000244140625,3.3,2025-08-05T08:02:25.000Z,2025-05-08T08:02:24.082Z,0
681c651088f8be683b97cd5a,67f99df356e86a8f862ba7e3,29.9872119,31.4407561,327.9000244140625,2.92,2025-08-05T08:02:26.000Z,2025-05-08T08:02:24.681Z,0
681c651188f8be683b97cd5e,67f99df356e86a8f862ba7e3,29.9872122,31.4407508,327.9000244140625,3.05,2025-08-05T08:02:26.000Z,2025-05-08T08:02:25.337Z,0
681c651288f8be683b97cd62,67f99df356e86a8f862ba7e3,29.9872118,31.4407478,327.9000244140625,2.94,2025-08-05T08:02:27.000Z,2025-05-08T08:02:26.050Z,0
681c651288f8be683b97cd66,67f99df356e86a8f862ba7e3,29.9872113,31.4407438,327.9000244140625,3.21,2025-08-05T08:02:27.000Z,2025-05-08T08:02:26.338Z,0
681c651388f8be683b97cd6a,67f99df356e86a8f862ba7e3,29.987211,31.4407371,327.9000244140625,3.25,2025-08-05T08:02:28.000Z,2025-05-08T08:02:27.023Z,0
681c651388f8be683b97cd6e,67f99df356e86a8f862ba7e3,29.9872099,31.4407303,327.9000244140625,3.46,2025-08-05T08:02:29.000Z,2025-05-08T08:02:27.922Z,0
681c651488f8be683b97cd71,67f99df356e86a8f862ba7e3,29.9872095,31.4407247,327.9000244140625,3.41,2025-08-05T08:02:29.000Z,2025-05-08T08:02:28.407Z,0
681c651488f8be683b97cd76,67f99df356e86a8f862ba7e3,29.987209,31.4407184,327.9000244140625,3.51,2025-08-05T08:02:30.000Z,2025-05-08T08:02:28.902Z,0
681c651588f8be683b97cd7a,67f99df356e86a8f862ba7e3,29.9872083,31.4407109,327.9000244140625,3.4,2025-08-05T08:02:30.000Z,2025-05-08T08:02:29.443Z,0
681c651688f8be683b97cd7e,67f99df356e86a8f862ba7e3,29.9872082,31.4407067,327.9000244140625,3.41,2025-08-05T08:02:31.000Z,2025-05-08T08:02:30.076Z,0
681c651688f8be683b97cd82,67f99df356e86a8f862ba7e3,29.9872084,31.4407031,327.9000244140625,3.28,2025-08-05T08:02:32.000Z,2025-05-08T08:02:30.553Z,0
681c651788f8be683b97cd86,67f99df356e86a8f862ba7e3,29.987208,31.4406966,327.9000244140625,3.32,2025-08-05T08:02:32.000Z,2025-05-08T08:02:31.269Z,0
681c651788f8be683b97cd8a,67f99df356e86a8f862ba7e3,29.9872088,31.4406933,327.9000244140625,2.95,2025-08-05T08:02:33.000Z,2025-05-08T08:02:31.753Z,0
681c651888f8be683b97cd8e,67f99df356e86a8f862ba7e3,29.9872102,31.440689,327.9000244140625,2.99,2025-08-05T08:02:33.000Z,2025-05-08T08:02:32.386Z,0
681c651888f8be683b97cd92,67f99df356e86a8f862ba7e3,29.9872109,31.4406842,327.9000244140625,3,2025-08-05T08:02:34.000Z,2025-05-08T08:02:32.923Z,0
681c651988f8be683b97cd96,67f99df356e86a8f862ba7e3,29.9872124,31.4406778,327.9000244140625,3.21,2025-08-05T08:02:35.000Z,2025-05-08T08:02:33.607Z,0
681c651a88f8be683b97cd9a,67f99df356e86a8f862ba7e3,29.9872132,31.4406716,327.9000244140625,3.32,2025-08-05T08:02:35.000Z,2025-05-08T08:02:34.192Z,0
681c651a88f8be683b97cd9e,67f99df356e86a8f862ba7e3,29.9872137,31.4406619,327.9000244140625,3.49,2025-08-05T08:02:36.000Z,2025-05-08T08:02:34.808Z,0
681c651b88f8be683b97cda2,67f99df356e86a8f862ba7e3,29.9872128,31.4406566,327.9000244140625,3.62,2025-08-05T08:02:37.000Z,2025-05-08T08:02:35.439Z,0
681c651b88f8be683b97cda6,67f99df356e86a8f862ba7e3,29.9872118,31.4406498,327.9000244140625,3.62,2025-08-05T08:02:37.000Z,2025-05-08T08:02:35.974Z,0
681c651c88f8be683b97cdaa,67f99df356e86a8f862ba7e3,29.9872105,31.440644,327.9000244140625,3.48,2025-08-05T08:02:38.000Z,2025-05-08T08:02:36.533Z,0
681c651d88f8be683b97cdae,67f99df356e86a8f862ba7e3,29.9872086,31.4406366,327.9000244140625,3.28,2025-08-05T08:02:38.000Z,2025-05-08T08:02:37.277Z,0
681c651e88f8be683b97cdb2,67f99df356e86a8f862ba7e3,29.9872052,31.440632,327.9000244140625,1.89,2025-08-05T08:02:39.000Z,2025-05-08T08:02:38.629Z,0
681c651f88f8be683b97cdb6,67f99df356e86a8f862ba7e3,29.9872032,31.4406305,327.9000244140625,1.88,2025-08-05T08:02:40.000Z,2025-05-08T08:02:39.263Z,0
681c651f88f8be683b97cdba,67f99df356e86a8f862ba7e3,29.9872034,31.4406336,327.9000244140625,1.24,2025-08-05T08:02:41.000Z,2025-05-08T08:02:39.620Z,0
681c652088f8be683b97cdbe,67f99df356e86a8f862ba7e3,29.9872034,31.4406342,327.9000244140625,0.46,2025-08-05T08:02:42.000Z,2025-05-08T08:02:40.410Z,0
681c652088f8be683b97cdc2,67f99df356e86a8f862ba7e3,29.9872036,31.4406346,327.9000244140625,0.57,2025-08-05T08:02:42.000Z,2025-05-08T08:02:40.900Z,0
681c652188f8be683b97cdc6,67f99df356e86a8f862ba7e3,29.9872041,31.4406371,327.9000244140625,0.24,2025-08-05T08:02:43.000Z,2025-05-08T08:02:41.721Z,0
681c652288f8be683b97cdca,67f99df356e86a8f862ba7e3,29.9872045,31.4406386,327.9000244140625,0.05,2025-08-05T08:02:43.000Z,2025-05-08T08:02:42.487Z,0
681c652388f8be683b97cdce,67f99df356e86a8f862ba7e3,29.9872046,31.4406409,327.9000244140625,0.06,2025-08-05T08:02:44.000Z,2025-05-08T08:02:43.347Z,0
681c652488f8be683b97cdd2,67f99df356e86a8f862ba7e3,29.9872046,31.4406412,327.9000244140625,0.11,2025-08-05T08:02:45.000Z,2025-05-08T08:02:44.360Z,0
681c652588f8be683b97cdd6,67f99df356e86a8f862ba7e3,29.9872042,31.4406449,327.9000244140625,0.21,2025-08-05T08:02:47.000Z,2025-05-08T08:02:45.501Z,0
681c652688f8be683b97cdda,67f99df356e86a8f862ba7e3,29.9872037,31.4406466,327.9000244140625,0.22,2025-08-05T08:02:47.000Z,2025-05-08T08:02:46.380Z,0
681c652788f8be683b97cdde,67f99df356e86a8f862ba7e3,29.9872031,31.4406471,327.9000244140625,0.09,2025-08-05T08:02:48.000Z,2025-05-08T08:02:47.623Z,0
681c652888f8be683b97cde2,67f99df356e86a8f862ba7e3,29.9872028,31.4406476,327.9000244140625,0.08,2025-08-05T08:02:49.000Z,2025-05-08T08:02:48.372Z,0
681c652888f8be683b97cde6,67f99df356e86a8f862ba7e3,29.9872027,31.4406478,327.9000244140625,0.13,2025-08-05T08:02:50.000Z,2025-05-08T08:02:48.994Z,0
681c652988f8be683b97cdea,67f99df356e86a8f862ba7e3,29.9872027,31.4406487,327.9000244140625,0.22,2025-08-05T08:02:50.000Z,2025-05-08T08:02:49.675Z,0
681c652a88f8be683b97cdee,67f99df356e86a8f862ba7e3,29.9872024,31.4406497,327.9000244140625,0.25,2025-08-05T08:02:52.000Z,2025-05-08T08:02:50.456Z,0
681c652b88f8be683b97cdf2,67f99df356e86a8f862ba7e3,29.9872026,31.4406504,327.9000244140625,0.22,2025-08-05T08:02:52.000Z,2025-05-08T08:02:51.324Z,0
681c652c88f8be683b97cdf6,67f99df356e86a8f862ba7e3,29.9872025,31.4406508,327.9000244140625,0.05,2025-08-05T08:02:53.000Z,2025-05-08T08:02:52.661Z,0
681c652d88f8be683b97cdfa,67f99df356e86a8f862ba7e3,29.9872026,31.4406506,327.9000244140625,0.07,2025-08-05T08:02:54.000Z,2025-05-08T08:02:53.480Z,0
681c652e88f8be683b97cdfe,67f99df356e86a8f862ba7e3,29.9872028,31.4406507,327.9000244140625,0.24,2025-08-05T08:02:55.000Z,2025-05-08T08:02:54.132Z,0
681c652f88f8be683b97ce02,67f99df356e86a8f862ba7e3,29.9872025,31.4406511,327.9000244140625,0.2,2025-08-05T08:02:56.000Z,2025-05-08T08:02:55.409Z,0
681c653088f8be683b97ce06,67f99df356e86a8f862ba7e3,29.9872021,31.4406515,327.9000244140625,0.08,2025-08-05T08:02:57.000Z,2025-05-08T08:02:56.336Z,0
681c653188f8be683b97ce0a,67f99df356e86a8f862ba7e3,29.9872016,31.4406514,327.9000244140625,0.18,2025-08-05T08:02:58.000Z,2025-05-08T08:02:57.168Z,0
681c653288f8be683b97ce0e,67f99df356e86a8f862ba7e3,29.9872014,31.4406518,327.9000244140625,0.33,2025-08-05T08:02:59.000Z,2025-05-08T08:02:58.300Z,0
681c653388f8be683b97ce12,67f99df356e86a8f862ba7e3,29.9872007,31.4406524,327.9000244140625,0.51,2025-08-05T08:03:00.000Z,2025-05-08T08:02:59.150Z,0
681c653388f8be683b97ce16,67f99df356e86a8f862ba7e3,29.9872007,31.4406526,327.9000244140625,0.54,2025-08-05T08:03:01.000Z,2025-05-08T08:02:59.704Z,0
681c653588f8be683b97ce1a,67f99df356e86a8f862ba7e3,29.9872004,31.4406525,327.9000244140625,0.52,2025-08-05T08:03:02.000Z,2025-05-08T08:03:01.092Z,0
681c653588f8be683b97ce1c,67f99df356e86a8f862ba7e3,29.9872009,31.4406538,327.9000244140625,0.47,2025-08-05T08:03:02.000Z,2025-05-08T08:03:01.162Z,0
681c653688f8be683b97ce22,67f99df356e86a8f862ba7e3,29.987203,31.4406566,327.9000244140625,0.23,2025-08-05T08:03:03.000Z,2025-05-08T08:03:02.564Z,0
681c653788f8be683b97ce26,67f99df356e86a8f862ba7e3,29.987203,31.4406581,327.9000244140625,0.46,2025-08-05T08:03:04.000Z,2025-05-08T08:03:03.312Z,0
681c653888f8be683b97ce2a,67f99df356e86a8f862ba7e3,29.987203,31.4406583,327.9000244140625,0.39,2025-08-05T08:03:05.000Z,2025-05-08T08:03:04.205Z,0
681c653988f8be683b97ce2e,67f99df356e86a8f862ba7e3,29.9872034,31.4406625,327.9000244140625,0.53,2025-08-05T08:03:07.000Z,2025-05-08T08:03:05.560Z,0
681c653a88f8be683b97ce32,67f99df356e86a8f862ba7e3,29.9872047,31.4406646,327.9000244140625,0.23,2025-08-05T08:03:07.000Z,2025-05-08T08:03:06.325Z,0
681c653b88f8be683b97ce36,67f99df356e86a8f862ba7e3,29.9872066,31.4406664,327.9000244140625,0.27,2025-08-05T08:03:08.000Z,2025-05-08T08:03:07.370Z,0
681c653c88f8be683b97ce3a,67f99df356e86a8f862ba7e3,29.9872079,31.4406672,327.9000244140625,0.4,2025-08-05T08:03:09.000Z,2025-05-08T08:03:08.364Z,0
681c653d88f8be683b97ce3e,67f99df356e86a8f862ba7e3,29.9872083,31.440667,327.9000244140625,0.33,2025-08-05T08:03:10.000Z,2025-05-08T08:03:09.252Z,0
681c653e88f8be683b97ce42,67f99df356e86a8f862ba7e3,29.9872126,31.4406672,327.9000244140625,0.47,2025-08-05T08:03:11.000Z,2025-05-08T08:03:10.100Z,0
681c653e88f8be683b97ce46,67f99df356e86a8f862ba7e3,29.9872152,31.4406674,327.9000244140625,0.43,2025-08-05T08:03:12.000Z,2025-05-08T08:03:10.652Z,0
681c653f88f8be683b97ce4a,67f99df356e86a8f862ba7e3,29.9872154,31.4406671,327.9000244140625,0.54,2025-08-05T08:03:12.000Z,2025-05-08T08:03:11.151Z,0
681c653f88f8be683b97ce4e,67f99df356e86a8f862ba7e3,29.9872166,31.440666,327.9000244140625,0.75,2025-08-05T08:03:13.000Z,2025-05-08T08:03:11.774Z,0
681c654088f8be683b97ce50,67f99df356e86a8f862ba7e3,29.9872165,31.4406634,327.9000244140625,1.29,2025-08-05T08:03:13.000Z,2025-05-08T08:03:12.378Z,0
681c654088f8be683b97ce53,67f99df356e86a8f862ba7e3,29.9872157,31.4406603,327.9000244140625,1.5,2025-08-05T08:03:14.000Z,2025-05-08T08:03:12.975Z,0
681c667b88f8be683b97ce5a,67f99df356e86a8f862ba7e3,29.9872083,31.4406484,327.9000244140625,3.07,2025-08-05T08:03:15.000Z,2025-05-08T08:08:27.056Z,0
681c667b88f8be683b97ce60,67f99df356e86a8f862ba7e3,29.9866587,31.4411214,332.70001220703125,0.36,2025-08-05T08:04:59.000Z,2025-05-08T08:08:27.944Z,0
681c667f88f8be683b97ce65,67f99df356e86a8f862ba7e3,29.9866601,31.4411233,332.70001220703125,0.3,2025-08-05T08:05:01.000Z,2025-05-08T08:08:31.061Z,0
681c667b88f8be683b97ce5c,67f99df356e86a8f862ba7e3,29.9872117,31.4406537,327.9000244140625,2.69,2025-08-05T08:03:15.000Z,2025-05-08T08:08:27.201Z,0
681c667f88f8be683b97ce6d,67f99df356e86a8f862ba7e3,29.9866597,31.4411267,332.70001220703125,0.45,2025-08-05T08:05:04.000Z,2025-05-08T08:08:31.383Z,0
681c667b88f8be683b97ce5e,67f99df356e86a8f862ba7e3,29.9866595,31.4411225,332.70001220703125,0.34,2025-08-05T08:05:00.000Z,2025-05-08T08:08:27.933Z,0
681c667f88f8be683b97ce70,67f99df356e86a8f862ba7e3,29.9866604,31.4411277,332.70001220703125,0.41,2025-08-05T08:05:04.000Z,2025-05-08T08:08:31.423Z,0
681c667f88f8be683b97ce78,67f99df356e86a8f862ba7e3,29.9866606,31.4411281,332.70001220703125,0.52,2025-08-05T08:05:05.000Z,2025-05-08T08:08:31.668Z,0
681c667f88f8be683b97ce7a,67f99df356e86a8f862ba7e3,29.9866596,31.4411296,332.70001220703125,0.67,2025-08-05T08:05:06.000Z,2025-05-08T08:08:31.735Z,0
681c667f88f8be683b97ce7c,67f99df356e86a8f862ba7e3,29.9866579,31.4411323,332.70001220703125,1.01,2025-08-05T08:05:06.000Z,2025-05-08T08:08:31.737Z,0
681c667f88f8be683b97ce68,67f99df356e86a8f862ba7e3,29.9866603,31.441125,332.70001220703125,0.33,2025-08-05T08:05:02.000Z,2025-05-08T08:08:31.139Z,0
681c667f88f8be683b97ce84,67f99df356e86a8f862ba7e3,29.9866574,31.4411367,332.70001220703125,1.12,2025-08-05T08:05:07.000Z,2025-05-08T08:08:31.976Z,0
681c667f88f8be683b97ce86,67f99df356e86a8f862ba7e3,29.9866584,31.4411396,332.70001220703125,1.23,2025-08-05T08:05:08.000Z,2025-05-08T08:08:31.997Z,0
681c668088f8be683b97ce89,67f99df356e86a8f862ba7e3,29.9866602,31.4411442,332.70001220703125,1.77,2025-08-05T08:05:08.000Z,2025-05-08T08:08:32.024Z,0
681c668088f8be683b97ce90,67f99df356e86a8f862ba7e3,29.9866713,31.441159,332.70001220703125,1.77,2025-08-05T08:05:15.000Z,2025-05-08T08:08:32.251Z,0
681c668088f8be683b97ce94,67f99df356e86a8f862ba7e3,29.9866931,31.4411883,332.70001220703125,1.77,2025-08-05T08:05:22.000Z,2025-05-08T08:08:32.291Z,0
681c668088f8be683b97ce96,67f99df356e86a8f862ba7e3,29.9867324,31.4412092,332.70001220703125,1.69,2025-08-05T08:05:32.000Z,2025-05-08T08:08:32.314Z,0
681c668088f8be683b97ce98,67f99df356e86a8f862ba7e3,29.9867106,31.4412028,332.70001220703125,1.74,2025-08-05T08:05:27.000Z,2025-05-08T08:08:32.317Z,0
681c668088f8be683b97ce9f,67f99df356e86a8f862ba7e3,29.9867607,31.4411982,332.70001220703125,1.76,2025-08-05T08:05:37.000Z,2025-05-08T08:08:32.532Z,0
681c668088f8be683b97cea2,67f99df356e86a8f862ba7e3,29.9868174,31.441095,332.70001220703125,3.59,2025-08-05T08:05:39.000Z,2025-05-08T08:08:32.567Z,0
681c668088f8be683b97cea6,67f99df356e86a8f862ba7e3,29.9868421,31.4410347,332.70001220703125,4.61,2025-08-05T08:05:42.000Z,2025-05-08T08:08:32.597Z,0
681c668088f8be683b97cea8,67f99df356e86a8f862ba7e3,29.9868442,31.4410316,324,4.32,2025-08-05T08:05:42.000Z,2025-05-08T08:08:32.599Z,0
681c668088f8be683b97ceaf,67f99df356e86a8f862ba7e3,29.9868445,31.4410365,324,3.58,2025-08-05T08:05:43.000Z,2025-05-08T08:08:32.781Z,0
681c668088f8be683b97ceb3,67f99df356e86a8f862ba7e3,29.9868423,31.4410487,324,2.3,2025-08-05T08:05:44.000Z,2025-05-08T08:08:32.853Z,0
681c668088f8be683b97ceb7,67f99df356e86a8f862ba7e3,29.9868434,31.4410572,324,1.62,2025-08-05T08:05:45.000Z,2025-05-08T08:08:32.896Z,0
681c668088f8be683b97ceb9,67f99df356e86a8f862ba7e3,29.9868416,31.4410682,324,1.29,2025-08-05T08:05:46.000Z,2025-05-08T08:08:32.902Z,0
681c668188f8be683b97cebf,67f99df356e86a8f862ba7e3,29.9868355,31.4410756,324,3.05,2025-08-05T08:05:47.000Z,2025-05-08T08:08:33.093Z,0
681c668188f8be683b97cec2,67f99df356e86a8f862ba7e3,29.9868346,31.4410783,324,3.28,2025-08-05T08:05:47.000Z,2025-05-08T08:08:33.169Z,0
681c668188f8be683b97cec7,67f99df356e86a8f862ba7e3,29.9868401,31.4410869,324,3.33,2025-08-05T08:05:48.000Z,2025-05-08T08:08:33.257Z,0
681c668188f8be683b97cec9,67f99df356e86a8f862ba7e3,29.9868427,31.4410886,324,3.66,2025-08-05T08:05:48.000Z,2025-05-08T08:08:33.259Z,0
681c668188f8be683b97cecd,67f99df356e86a8f862ba7e3,29.9868482,31.4411,324,3.62,2025-08-05T08:05:49.000Z,2025-05-08T08:08:33.349Z,0
681c668188f8be683b97ced3,67f99df356e86a8f862ba7e3,29.9868533,31.4411034,324,3.86,2025-08-05T08:05:49.000Z,2025-05-08T08:08:33.489Z,0
681c668188f8be683b97ced8,67f99df356e86a8f862ba7e3,29.9868641,31.4411178,324,3.89,2025-08-05T08:05:50.000Z,2025-05-08T08:08:33.573Z,0
681c668188f8be683b97ceda,67f99df356e86a8f862ba7e3,29.986871,31.4411232,324,4.06,2025-08-05T08:05:50.000Z,2025-05-08T08:08:33.574Z,0
681c668188f8be683b97cedc,67f99df356e86a8f862ba7e3,29.9868824,31.441139,324,4.07,2025-08-05T08:05:51.000Z,2025-05-08T08:08:33.597Z,0
681c668188f8be683b97cee4,67f99df356e86a8f862ba7e3,29.9868929,31.4411555,324,4.03,2025-08-05T08:05:51.000Z,2025-05-08T08:08:33.823Z,0
681c668188f8be683b97cee9,67f99df356e86a8f862ba7e3,29.9869026,31.4411705,324,4.08,2025-08-05T08:05:52.000Z,2025-05-08T08:08:33.933Z,0
681c668188f8be683b97ceeb,67f99df356e86a8f862ba7e3,29.9869207,31.4412115,324,3.96,2025-08-05T08:05:53.000Z,2025-05-08T08:08:33.935Z,0
681c668188f8be683b97ceed,67f99df356e86a8f862ba7e3,29.9869236,31.4412196,324,3.94,2025-08-05T08:05:53.000Z,2025-05-08T08:08:33.936Z,0
681c668288f8be683b97cef3,67f99df356e86a8f862ba7e3,29.9869196,31.4412579,324,4.02,2025-08-05T08:05:54.000Z,2025-05-08T08:08:34.092Z,0
681c668288f8be683b97cef9,67f99df356e86a8f862ba7e3,29.9869198,31.4412711,324,4.01,2025-08-05T08:05:54.000Z,2025-05-08T08:08:34.247Z,0
681c668288f8be683b97cefd,67f99df356e86a8f862ba7e3,29.9869135,31.4413085,324,4.08,2025-08-05T08:05:55.000Z,2025-05-08T08:08:34.258Z,0
681c668288f8be683b97cefb,67f99df356e86a8f862ba7e3,29.9869142,31.4412981,324,4.01,2025-08-05T08:05:55.000Z,2025-05-08T08:08:34.255Z,0
681c668288f8be683b97cf00,67f99df356e86a8f862ba7e3,29.9869146,31.4413205,324,3.92,2025-08-05T08:05:56.000Z,2025-05-08T08:08:34.351Z,0
681c668288f8be683b97cf09,67f99df356e86a8f862ba7e3,29.9869227,31.441339,324,3.81,2025-08-05T08:05:57.000Z,2025-05-08T08:08:34.558Z,0
681c668288f8be683b97cf0b,67f99df356e86a8f862ba7e3,29.9869152,31.4413287,324,4.06,2025-08-05T08:05:56.000Z,2025-05-08T08:08:34.569Z,0
681c668288f8be683b97cf0d,67f99df356e86a8f862ba7e3,29.9869277,31.4413515,322.5,3.96,2025-08-05T08:05:57.000Z,2025-05-08T08:08:34.572Z,0
681c668288f8be683b97cf10,67f99df356e86a8f862ba7e3,29.9869356,31.4413565,322.5,3.55,2025-08-05T08:05:58.000Z,2025-05-08T08:08:34.675Z,0
681c668288f8be683b97cf19,67f99df356e86a8f862ba7e3,29.9869402,31.4413611,322.5,3.83,2025-08-05T08:05:58.000Z,2025-05-08T08:08:34.863Z,0
681c668288f8be683b97cf1d,67f99df356e86a8f862ba7e3,29.9869603,31.4413718,322.5,3.85,2025-08-05T08:06:00.000Z,2025-05-08T08:08:34.876Z,0
681c668288f8be683b97cf1b,67f99df356e86a8f862ba7e3,29.9869491,31.4413665,322.5,3.75,2025-08-05T08:05:59.000Z,2025-05-08T08:08:34.872Z,0
681c668288f8be683b97cf20,67f99df356e86a8f862ba7e3,29.9869665,31.441375,322.5,3.82,2025-08-05T08:06:00.000Z,2025-05-08T08:08:34.937Z,0
681c668388f8be683b97cf28,67f99df356e86a8f862ba7e3,29.986976,31.4413788,322.5,3.78,2025-08-05T08:06:01.000Z,2025-05-08T08:08:35.156Z,0
681c668388f8be683b97cf2a,67f99df356e86a8f862ba7e3,29.9870009,31.4413855,329.3000183105469,3.46,2025-08-05T08:06:02.000Z,2025-05-08T08:08:35.158Z,0
681c668388f8be683b97cf30,67f99df356e86a8f862ba7e3,29.9870178,31.4413836,329.3000183105469,2.44,2025-08-05T08:06:04.000Z,2025-05-08T08:08:35.203Z,0
681c668388f8be683b97cf2e,67f99df356e86a8f862ba7e3,29.9870109,31.4413856,329.3000183105469,2.89,2025-08-05T08:06:03.000Z,2025-05-08T08:08:35.198Z,0
681c668388f8be683b97cf39,67f99df356e86a8f862ba7e3,29.9870215,31.441386,329.3000183105469,1.68,2025-08-05T08:06:05.000Z,2025-05-08T08:08:35.458Z,0
681c668388f8be683b97cf3b,67f99df356e86a8f862ba7e3,29.9870243,31.4413903,329.3000183105469,0.47,2025-08-05T08:06:08.000Z,2025-05-08T08:08:35.463Z,0
681c668388f8be683b97cf3d,67f99df356e86a8f862ba7e3,29.9870235,31.44139,329.3000183105469,1,2025-08-05T08:06:07.000Z,2025-05-08T08:08:35.465Z,0
681c668388f8be683b97cf40,67f99df356e86a8f862ba7e3,29.9870245,31.4413896,329.3000183105469,0.24,2025-08-05T08:06:09.000Z,2025-05-08T08:08:35.501Z,0
681c668388f8be683b97cf4a,67f99df356e86a8f862ba7e3,29.9870255,31.4413895,329.3000183105469,0.25,2025-08-05T08:06:10.000Z,2025-05-08T08:08:35.761Z,0
681c668388f8be683b97cf4c,67f99df356e86a8f862ba7e3,29.9870269,31.4413898,329.3000183105469,0.4,2025-08-05T08:06:11.000Z,2025-05-08T08:08:35.763Z,0
681c668388f8be683b97cf4e,67f99df356e86a8f862ba7e3,29.9870278,31.4413904,329.3000183105469,0.52,2025-08-05T08:06:12.000Z,2025-05-08T08:08:35.769Z,0
681c668388f8be683b97cf50,67f99df356e86a8f862ba7e3,29.9870296,31.4413918,329.3000183105469,0.58,2025-08-05T08:06:13.000Z,2025-05-08T08:08:35.775Z,0
681c668488f8be683b97cf5a,67f99df356e86a8f862ba7e3,29.9870329,31.441394,329.3000183105469,1.49,2025-08-05T08:06:13.000Z,2025-05-08T08:08:36.049Z,0
681c668488f8be683b97cf5c,67f99df356e86a8f862ba7e3,29.9870366,31.4413964,329.3000183105469,1.68,2025-08-05T08:06:14.000Z,2025-05-08T08:08:36.055Z,0
681c668488f8be683b97cf5e,67f99df356e86a8f862ba7e3,29.9870437,31.4414008,329.3000183105469,2.72,2025-08-05T08:06:14.000Z,2025-05-08T08:08:36.060Z,0
681c668488f8be683b97cf60,67f99df356e86a8f862ba7e3,29.98705,31.4414037,329.3000183105469,2.86,2025-08-05T08:06:15.000Z,2025-05-08T08:08:36.072Z,0
681c668488f8be683b97cf68,67f99df356e86a8f862ba7e3,29.987057,31.4414053,329.3000183105469,3.12,2025-08-05T08:06:16.000Z,2025-05-08T08:08:36.322Z,0
681c668488f8be683b97cf6b,67f99df356e86a8f862ba7e3,29.9870625,31.4414046,329.3000183105469,3.11,2025-08-05T08:06:16.000Z,2025-05-08T08:08:36.326Z,0
681c668488f8be683b97cf6e,67f99df356e86a8f862ba7e3,29.9870689,31.441403,329.3000183105469,3.2,2025-08-05T08:06:17.000Z,2025-05-08T08:08:36.339Z,0
681c668488f8be683b97cf70,67f99df356e86a8f862ba7e3,29.9870734,31.4414017,329.3000183105469,3.16,2025-08-05T08:06:17.000Z,2025-05-08T08:08:36.349Z,0
681c668488f8be683b97cf7a,67f99df356e86a8f862ba7e3,29.9870793,31.4414011,329.3000183105469,3.17,2025-08-05T08:06:18.000Z,2025-05-08T08:08:36.637Z,0
681c668488f8be683b97cf7c,67f99df356e86a8f862ba7e3,29.9870831,31.4414012,329.3000183105469,2.97,2025-08-05T08:06:18.000Z,2025-05-08T08:08:36.641Z,0
681c668488f8be683b97cf7e,67f99df356e86a8f862ba7e3,29.9870883,31.4414041,329.3000183105469,2.5,2025-08-05T08:06:19.000Z,2025-05-08T08:08:36.643Z,0
681c668488f8be683b97cf80,67f99df356e86a8f862ba7e3,29.9870878,31.4414094,329.3000183105469,2.1,2025-08-05T08:06:21.000Z,2025-05-08T08:08:36.644Z,0
681c668488f8be683b97cf87,67f99df356e86a8f862ba7e3,29.9870851,31.4414126,329.3000183105469,1.63,2025-08-05T08:06:21.000Z,2025-05-08T08:08:36.906Z,0
681c668488f8be683b97cf8c,67f99df356e86a8f862ba7e3,29.9870851,31.4414146,329.3000183105469,1.63,2025-08-05T08:06:22.000Z,2025-05-08T08:08:36.931Z,0
681c668488f8be683b97cf8e,67f99df356e86a8f862ba7e3,29.9870866,31.4414121,329.3000183105469,1.2,2025-08-05T08:06:22.000Z,2025-05-08T08:08:36.934Z,0
681c668488f8be683b97cf90,67f99df356e86a8f862ba7e3,29.9870879,31.4414083,329.3000183105469,0.24,2025-08-05T08:06:28.000Z,2025-05-08T08:08:36.948Z,0
681c668588f8be683b97cf97,67f99df356e86a8f862ba7e3,29.9870912,31.4414077,329.3000183105469,0.07,2025-08-05T08:06:32.000Z,2025-05-08T08:08:37.245Z,0
681c668588f8be683b97cf9d,67f99df356e86a8f862ba7e3,29.9870929,31.441402,329.3000183105469,0.07,2025-08-05T08:06:38.000Z,2025-05-08T08:08:37.380Z,0
681c668588f8be683b97cf9f,67f99df356e86a8f862ba7e3,29.9871195,31.441232,329.3000183105469,5.79,2025-08-05T08:06:48.000Z,2025-05-08T08:08:37.396Z,0
681c668588f8be683b97cfa1,67f99df356e86a8f862ba7e3,29.9871234,31.4412057,324,3.43,2025-08-05T08:06:53.000Z,2025-05-08T08:08:37.430Z,0
681c668588f8be683b97cfa4,67f99df356e86a8f862ba7e3,29.9871231,31.4412073,324,1.43,2025-08-05T08:06:58.000Z,2025-05-08T08:08:37.498Z,0
